Column1,foundSelf,scan1-1.png,scan1-2.png,scan1-3.png,scan1-4.png,scan1-5.png,scan1-6.png,scan1-7.png,scan1-8.png,scan1-9.png,scan1-10.png,scan1-11.png,scan1-12.png,scan1-13.png,scan1-14.png,scan1-15.png,scan1-16.png,scan1-17.png,scan1-18.png,scan1-19.png,scan1-20.png,scan1-21.png,scan1-22.png,scan1-23.png,scan1-24.png,scan1-25.png,scan1-26.png,scan1-27.png,scan1-28.png,scan1-29.png,scan1-30.png,scan1-31.png,scan1-32.png,scan1-33.png,scan1-34.png,scan1-35.png,scan1-36.png,scan1-37.png,scan1-38.png,scan1-39.png,scan1-40.png,scan1-41.png,scan1-42.png,scan1-43.png,scan1-44.png,scan1-45.png,scan1-46.png,scan1-47.png,scan1-48.png,scan1-49.png,scan1-50.png,scan1-51.png,scan1-52.png,scan1-53.png,scan1-54.png,scan1-55.png,scan1-56.png,scan1-57.png,scan1-58.png,scan1-59.png,scan1-60.png,scan1-61.png,scan1-62.png,scan1-63.png,scan1-64.png,scan1-65.png,scan1-66.png,scan1-67.png,scan1-68.png,scan1-69.png,scan1-70.png,scan1-71.png,scan1-72.png,scan1-73.png,scan1-74.png,scan1-75.png,scan1-76.png,scan1-77.png,scan1-78.png,scan1-79.png,scan1-80.png,scan1-81.png,scan1-82.png,scan1-83.png,scan1-84.png,scan1-85.png,scan1-86.png,scan1-87.png,scan1-88.png,scan1-89.png,scan1-90.png,scan1-91.png,scan1-92.png,scan1-93.png,scan1-94.png,scan1-95.png,scan1-96.png,scan1-97.png,scan1-98.png,scan1-99.png,scan1-100.png,scan1-101.png,scan1-102.png,scan1-103.png,scan1-104.png,scan1-105.png,scan1-106.png,scan1-107.png,scan1-108.png,scan1-109.png,scan1-110.png,scan1-111.png,scan1-112.png,scan1-113.png,scan1-114.png,scan1-115.png,scan1-116.png,scan1-117.png,scan1-118.png,scan1-119.png,scan1-120.png,scan1-121.png,scan1-122.png,scan1-123.png,scan1-124.png,scan1-125.png,scan1-126.png,scan1-127.png,scan1-128.png,scan1-129.png,scan1-130.png,scan1-131.png,scan1-132.png,scan1-133.png,scan1-134.png,scan1-135.png,scan1-136.png,scan1-137.png,scan1-138.png,scan1-139.png,scan1-140.png,scan1-141.png,scan1-142.png,scan1-143.png,scan1-144.png,scan1-145.png,scan1-146.png,scan1-147.png,scan1-148.png,scan1-149.png,scan1-150.png,scan1-151.png,scan1-152.png,scan1-153.png,scan1-154.png,scan1-155.png,scan1-156.png,scan1-157.png,scan1-158.png,scan1-159.png,scan1-160.png,scan1-161.png,scan1-162.png,scan1-163.png,scan1-164.png,scan1-165.png,scan1-166.png,scan1-167.png,scan1-168.png,scan1-169.png,scan1-170.png,scan1-171.png,scan1-172.png,scan1-173.png,scan1-174.png,scan1-175.png,scan1-176.png,scan1-177.png,scan1-178.png,scan1-179.png,scan1-180.png,scan1-181.png,scan1-182.png,scan1-183.png,scan1-184.png,scan1-185.png,scan1-186.png,scan1-187.png,scan1-188.png,scan1-189.png,scan1-190.png,scan1-191.png,scan1-192.png,scan1-193.png,scan1-194.png,scan1-195.png,scan1-196.png,scan1-197.png,scan1-198.png,scan1-199.png,scan1-200.png,scan1-201.png,scan1-202.png,scan1-203.png,scan1-204.png,scan1-205.png,scan1-206.png,scan1-207.png,Total Contours Found
scan1-1.png,1,10,7,10,5,5,18,17,11,13,6,8,4,11,6,8,15,8,5,1,2,24,6,3,10,4,4,7,2,41,4,5,0,0,1,4,5,2,2,4,2,2,3,0,7,2,1,3,4,2,6,2,4,9,4,2,3,8,2,2,2,0,2,0,7,0,2,2,5,0,4,6,0,0,3,0,2,0,13,0,0,2,7,7,7,1,2,1,2,11,2,6,0,2,2,10,2,8,0,7,2,1,1,6,2,2,2,2,3,6,2,4,0,6,6,7,0,2,6,10,2,2,3,2,2,2,0,2,0,4,0,0,5,2,0,5,1,5,6,4,9,4,2,4,12,7,0,1,2,4,7,9,6,9,11,0,6,3,2,13,2,0,5,2,4,2,6,0,6,3,6,6,2,6,6,4,3,10,0,0,0,2,4,0,5,4,0,9,12,0,5,5,5,7,0,8,2,2,4,3,0,10,2,0,3,0,7,2,895
scan1-2.png,1,2,50,9,5,5,13,15,10,12,4,8,4,9,5,4,9,4,3,0,2,23,5,3,7,3,3,7,2,37,4,4,0,0,59,2,4,0,0,2,2,0,2,0,94,2,0,41,16,2,4,2,2,74,4,0,2,113,2,0,1,0,118,0,16,0,2,1,2,0,2,50,0,0,2,0,2,0,84,0,0,2,150,38,86,0,0,0,2,104,0,86,0,2,0,97,131,124,0,33,0,0,1,112,2,2,37,2,2,3,2,2,0,2,3,50,0,0,6,96,0,1,2,0,2,2,0,87,0,2,0,0,118,2,0,1,0,5,2,1,18,2,2,0,129,5,0,0,0,2,84,63,47,44,46,0,2,100,0,159,2,0,83,0,0,2,4,0,3,29,2,4,0,6,1,0,107,6,0,0,96,0,4,0,2,2,0,109,39,0,49,46,114,43,0,4,0,2,8,64,0,126,2,0,0,0,72,2,4118
scan1-3.png,1,6,7,15,6,7,19,19,11,15,7,9,7,12,7,10,15,10,6,1,3,24,10,5,10,6,6,8,2,43,4,6,0,2,1,2,7,2,6,2,2,2,4,4,7,6,1,3,4,4,6,2,4,9,4,0,4,8,6,3,4,2,2,2,7,4,4,2,5,0,4,6,0,2,4,2,2,0,13,0,4,2,7,7,7,1,3,3,4,11,3,6,0,4,6,10,2,8,4,7,4,1,2,6,2,4,2,2,5,8,2,4,2,6,10,7,1,4,6,10,4,4,4,2,2,6,6,2,2,6,4,2,5,4,0,6,7,5,2,5,9,4,2,4,12,9,2,4,4,6,7,9,6,9,11,2,6,3,2,13,2,4,5,4,6,6,4,3,6,3,6,8,2,10,6,4,3,8,2,4,0,2,5,2,7,4,7,9,12,2,5,5,5,7,2,10,2,2,4,3,0,10,2,4,4,2,7,2,1097
scan1-4.png,1,6,7,14,8,7,19,17,11,15,7,9,5,12,8,10,16,8,6,1,2,25,9,5,10,4,4,8,2,43,4,6,0,2,1,2,6,2,5,2,2,2,4,4,7,6,2,3,4,4,8,2,4,9,4,0,4,8,6,2,2,2,2,0,7,2,4,2,5,0,4,6,0,2,4,0,2,0,13,0,0,2,7,7,7,1,2,2,4,11,4,6,0,4,4,10,2,8,4,7,6,3,2,6,2,4,2,2,5,9,2,4,0,6,6,7,0,4,8,10,3,2,3,2,2,6,6,2,2,6,2,2,5,4,0,5,5,5,2,2,9,4,2,4,12,7,0,2,2,6,7,9,6,9,11,2,6,3,2,13,2,0,5,4,6,6,4,1,6,3,7,6,2,8,6,4,3,8,2,3,0,2,5,2,6,2,6,9,12,1,5,5,5,7,0,10,2,2,4,3,0,10,2,0,4,0,7,2,1031
scan1-5.png,1,6,7,12,6,8,19,17,11,15,6,9,5,12,6,8,15,8,6,1,2,25,9,5,10,4,4,8,2,43,4,5,0,2,1,2,5,2,4,2,2,2,4,2,7,6,1,3,4,4,8,2,4,9,4,0,4,8,6,2,3,0,2,2,7,1,4,2,5,0,4,6,0,1,4,0,2,0,13,0,2,2,7,7,7,1,2,1,2,11,2,6,0,2,4,10,2,8,4,7,4,1,1,6,2,4,2,2,3,8,2,4,1,4,6,7,0,4,6,10,4,2,3,2,2,3,0,2,2,6,0,2,5,4,0,5,5,5,2,3,9,4,2,4,12,7,0,2,2,4,7,9,6,9,11,0,6,3,2,13,2,0,5,4,6,6,4,2,6,3,7,6,2,8,6,4,3,8,2,4,0,2,5,2,8,2,7,9,12,0,5,5,5,7,0,10,2,2,4,3,0,10,2,0,4,0,7,2,990
scan1-6.png,1,6,7,11,7,7,23,18,12,16,7,9,6,13,7,9,17,8,7,1,2,25,9,5,10,5,5,8,2,43,4,5,2,2,1,4,6,2,4,2,2,2,4,2,7,7,1,3,4,4,8,2,4,9,4,3,4,8,5,4,2,2,2,2,7,2,4,2,5,2,6,6,2,1,6,0,2,0,13,0,2,2,7,7,7,1,2,2,2,11,6,6,0,4,6,10,2,8,4,7,8,1,2,6,2,4,2,2,3,9,2,4,0,4,6,7,3,4,8,10,2,2,3,2,2,4,4,2,2,6,2,2,5,4,0,6,5,5,2,3,9,4,2,6,12,7,0,2,2,6,7,9,6,9,11,2,6,3,2,13,2,0,5,4,6,6,4,4,6,3,7,6,2,8,8,4,3,8,4,3,0,2,6,2,8,2,5,9,12,0,5,5,5,7,0,10,2,2,5,3,0,10,2,0,4,2,7,2,1064
scan1-7.png,1,6,7,15,6,7,20,23,11,15,6,9,6,12,6,11,15,9,6,1,3,24,9,5,10,6,6,8,2,43,4,6,0,4,1,2,7,2,6,2,2,2,4,4,7,7,1,3,4,4,8,2,4,9,4,3,4,8,6,2,3,0,2,0,7,4,4,2,5,0,4,6,0,2,6,0,2,0,13,0,2,2,7,7,7,1,4,3,2,11,2,6,0,2,4,10,2,8,4,7,6,1,1,6,2,4,2,2,5,8,2,4,0,4,8,7,4,4,6,10,3,2,3,2,2,5,2,2,2,6,4,2,5,4,0,5,5,5,2,4,9,4,2,4,12,7,2,4,2,6,7,9,6,9,11,0,6,3,3,13,2,2,5,4,6,6,4,5,6,3,7,8,2,10,7,4,3,8,2,2,0,2,6,2,7,2,6,9,12,2,5,5,5,7,2,10,2,2,4,3,0,10,2,2,4,0,7,2,1066
scan1-8.png,1,6,7,11,6,7,20,17,15,14,6,9,5,13,6,9,15,8,6,1,2,25,8,4,10,5,5,7,2,42,4,5,0,0,1,4,5,2,2,2,2,2,4,0,7,6,1,3,4,2,6,2,4,9,4,4,4,8,2,2,2,0,2,0,7,0,4,2,6,0,6,6,0,0,5,0,2,0,13,0,0,2,7,7,7,1,2,2,2,11,5,6,0,4,5,10,2,8,2,7,7,1,2,6,2,3,2,2,3,8,2,4,0,4,6,7,3,4,6,10,2,2,3,2,2,3,0,2,0,4,0,0,5,2,0,5,3,5,2,2,9,4,2,6,12,7,0,2,2,6,7,9,6,9,11,0,6,3,2,13,2,0,5,4,6,6,4,3,6,3,7,6,2,6,8,4,3,8,0,3,0,2,4,2,6,2,0,9,12,0,5,5,5,7,0,10,2,2,4,3,0,10,2,0,4,0,7,2,970
scan1-9.png,1,6,7,13,6,7,19,17,11,16,7,9,5,12,6,9,16,8,6,1,2,25,10,5,10,5,5,8,2,44,4,6,2,2,1,2,5,0,5,2,2,2,4,4,7,4,1,3,4,4,8,2,4,9,4,0,4,8,6,2,4,0,2,2,7,4,4,2,5,2,4,6,2,2,4,2,2,0,13,0,2,2,7,7,7,1,2,3,2,11,3,6,0,2,4,10,2,8,4,7,4,1,1,6,2,4,2,2,5,9,2,4,2,4,10,7,0,4,8,10,4,2,4,2,2,6,6,2,2,6,4,2,5,4,0,7,7,5,2,3,9,4,2,4,12,7,0,3,4,5,7,9,6,9,11,0,6,3,2,13,2,2,5,4,6,6,4,2,6,3,7,6,2,8,6,4,3,8,3,5,0,2,5,2,8,4,8,9,12,2,5,5,5,7,2,10,2,2,4,3,0,10,2,2,4,0,7,2,1059
scan1-10.png,1,6,7,13,6,6,19,17,11,15,8,9,7,12,7,10,15,8,7,1,2,24,9,5,10,4,4,8,2,43,4,6,0,2,1,2,5,0,6,2,2,0,4,2,7,6,1,3,4,4,8,2,4,9,4,0,4,8,6,4,3,0,2,0,7,2,4,2,5,0,4,6,0,2,4,2,2,0,13,0,0,2,7,7,7,1,0,3,2,11,4,6,0,4,4,10,2,8,2,7,6,1,2,6,2,3,2,2,5,8,2,4,0,4,6,7,0,4,6,10,3,2,4,0,2,7,6,2,2,6,4,2,5,4,0,5,5,5,2,4,9,4,2,4,12,7,2,2,2,4,7,9,6,9,11,2,6,3,2,13,2,2,5,4,6,6,4,3,6,3,6,7,2,9,6,4,3,8,2,4,0,2,5,2,7,2,4,9,12,2,5,5,5,7,2,10,2,2,4,3,0,10,2,0,4,2,7,2,1025
scan1-11.png,1,6,7,14,7,7,19,17,11,15,7,10,5,12,7,10,15,8,6,1,2,25,10,5,10,4,4,8,2,43,4,6,0,2,1,2,5,2,6,2,2,2,4,4,7,6,1,3,4,4,8,2,4,9,4,0,4,8,6,2,2,2,2,0,7,2,4,2,5,0,4,6,0,2,4,0,2,0,13,0,2,2,7,7,7,1,2,2,2,11,3,6,0,4,4,10,2,8,4,7,6,1,2,6,2,4,2,2,5,8,2,4,0,4,6,7,0,4,6,10,4,2,3,2,2,6,6,2,2,6,3,2,5,4,0,5,5,5,2,3,9,4,2,4,12,7,2,2,2,6,7,9,6,9,11,2,6,3,2,13,2,2,5,4,6,6,4,4,6,3,7,7,2,8,6,4,3,8,2,3,0,2,5,2,8,2,6,9,12,2,5,5,5,7,2,10,2,2,4,3,0,10,2,0,4,2,7,2,1039
scan1-12.png,1,6,7,14,6,7,19,18,11,15,7,9,9,12,8,10,16,9,7,2,2,24,9,5,10,5,5,8,2,43,4,6,2,4,1,2,5,2,6,2,2,2,4,4,7,6,1,3,4,4,6,2,4,9,4,0,4,8,6,4,3,2,2,0,7,4,4,2,5,2,4,6,2,2,4,0,2,2,13,0,0,2,7,7,7,1,4,3,2,11,4,6,2,4,4,10,2,8,4,7,6,1,2,6,2,4,2,2,5,9,2,4,0,6,7,7,0,4,8,10,3,2,3,2,2,6,6,2,2,6,4,2,5,4,0,5,5,5,2,4,9,4,2,4,12,7,2,5,2,8,7,9,6,9,11,2,6,3,2,13,2,2,5,4,6,6,4,3,6,3,7,8,2,10,6,4,3,8,2,3,0,2,5,2,7,2,6,9,12,2,5,5,5,7,2,10,2,2,4,3,0,10,2,2,4,2,7,2,1079
scan1-13.png,1,7,7,12,7,7,20,17,12,15,6,9,5,17,6,8,15,8,6,1,2,25,9,5,10,4,4,8,2,44,4,5,0,2,1,4,5,2,4,4,2,2,4,2,7,8,3,3,4,4,8,2,4,9,4,5,4,8,6,2,3,0,2,2,7,2,4,2,6,0,6,6,0,2,6,0,2,0,13,0,2,2,7,7,7,1,2,1,2,11,4,6,0,2,6,10,2,8,4,7,8,1,2,6,2,4,2,2,5,9,2,4,2,6,6,7,5,4,6,10,4,2,4,2,2,4,4,2,2,6,2,2,5,4,0,5,5,5,4,5,9,4,2,6,12,7,0,2,2,6,7,9,6,9,11,0,6,3,2,13,2,0,5,4,6,6,4,4,6,3,7,6,2,8,6,6,3,8,2,4,0,2,5,2,8,2,8,9,12,0,5,5,5,7,0,10,2,2,4,3,0,10,2,0,4,0,7,2,1060
scan1-14.png,1,6,7,13,8,7,19,17,11,15,7,9,7,12,9,10,16,8,7,2,2,25,9,5,10,4,4,8,2,44,4,5,2,2,1,2,5,2,4,2,2,2,4,2,7,6,1,3,4,4,8,2,4,9,4,0,4,8,6,4,2,2,2,2,7,2,4,2,5,2,4,6,2,2,4,0,2,2,13,0,2,2,7,7,7,1,2,2,2,11,4,6,0,4,4,10,2,8,4,7,6,1,2,6,2,4,2,2,4,9,2,4,2,4,6,7,0,4,8,10,4,4,3,2,2,5,4,2,2,6,2,2,5,4,0,5,6,5,2,5,9,4,2,4,12,7,0,3,2,6,7,9,6,9,11,2,6,3,2,13,2,2,5,4,6,6,4,4,6,3,7,6,2,8,6,4,3,8,2,3,0,2,5,2,8,2,7,9,12,2,5,5,5,7,2,10,2,2,4,3,1,10,2,2,4,2,7,2,1060
scan1-15.png,1,6,7,14,7,6,19,19,12,15,7,9,7,12,7,14,15,9,6,1,2,25,10,5,10,5,5,8,2,43,4,6,0,4,1,4,6,2,6,2,2,2,4,3,7,7,1,3,4,4,8,2,4,9,4,2,4,8,6,2,4,2,2,0,7,4,4,2,6,0,6,6,1,2,4,2,2,0,13,0,0,2,7,7,7,1,4,4,4,11,4,6,0,4,6,10,2,8,2,7,6,2,2,6,2,3,2,2,5,8,2,4,0,5,6,7,0,4,6,10,3,2,4,2,2,7,6,2,2,6,4,2,5,4,0,5,5,5,2,4,9,4,2,6,12,7,2,4,2,8,7,9,6,9,11,2,6,3,2,13,2,2,5,4,6,6,4,3,6,3,7,8,2,10,8,4,3,8,2,5,0,2,5,2,7,2,4,9,12,2,5,5,5,7,2,10,2,2,4,3,0,10,2,2,4,2,7,2,1086
scan1-16.png,1,6,7,11,7,7,19,17,11,14,6,9,6,12,7,8,18,8,6,2,2,24,9,4,10,4,4,7,2,43,4,5,2,2,1,4,5,2,4,2,2,2,4,2,7,4,1,3,4,2,6,2,4,9,4,0,4,8,2,2,2,0,2,0,7,0,4,2,5,2,4,6,2,0,4,0,2,2,13,0,0,2,7,7,7,1,2,2,2,11,3,6,0,4,4,10,2,8,2,7,6,1,2,6,2,4,2,2,3,9,2,4,0,4,6,7,0,4,8,10,2,2,3,2,2,2,2,2,0,6,0,1,5,2,0,6,4,5,2,2,9,4,2,4,12,7,2,3,2,6,7,9,6,9,11,0,6,3,2,13,2,0,5,4,6,6,4,1,6,3,7,6,2,7,6,4,3,10,2,3,0,2,4,2,8,2,2,9,12,0,5,5,5,7,0,10,2,2,4,3,0,10,2,0,4,2,7,2,984
scan1-17.png,1,6,7,12,6,7,18,18,11,15,6,9,6,12,6,9,15,10,6,1,2,24,9,4,10,6,6,8,2,43,4,5,0,2,1,4,5,2,6,2,2,2,4,3,7,5,1,3,4,4,8,2,4,9,4,0,4,8,6,2,4,0,2,0,7,2,4,2,6,0,4,6,0,0,4,2,2,0,13,0,0,2,7,7,7,1,4,4,2,11,2,6,0,2,4,10,2,8,4,7,4,1,1,6,2,4,2,2,5,8,2,4,1,4,8,7,0,4,6,10,3,2,4,2,2,4,0,2,2,6,2,2,5,4,0,5,5,5,2,2,9,4,2,4,12,9,2,3,2,6,7,9,6,9,11,0,6,3,2,13,2,0,5,4,6,6,4,1,6,3,6,8,2,10,6,6,3,8,0,4,0,2,5,2,7,4,4,9,12,0,5,5,5,7,0,10,2,2,4,3,0,10,2,2,4,0,7,2,1019
scan1-18.png,1,6,7,11,6,7,19,17,11,14,7,8,6,12,7,8,16,8,7,2,2,25,7,3,10,4,4,7,2,43,4,5,2,0,1,2,5,2,2,2,2,2,4,0,7,4,1,3,4,2,8,2,4,9,4,0,4,8,4,4,2,2,2,0,7,0,4,2,5,2,4,6,2,0,3,0,2,2,13,0,0,2,7,7,7,1,2,2,2,11,4,6,0,4,2,10,2,8,2,7,4,1,2,6,2,3,2,2,3,9,2,4,0,4,6,7,0,2,8,10,3,4,3,2,2,2,4,2,0,6,0,0,5,2,0,5,1,5,2,2,9,4,2,4,12,7,0,2,2,6,7,9,6,9,11,2,6,3,2,13,2,2,5,4,6,6,4,1,6,3,7,6,2,6,6,4,3,8,0,2,0,2,4,2,4,2,1,9,12,2,5,5,5,7,2,10,2,2,4,3,0,10,2,0,4,2,7,2,967
scan1-19.png,1,6,7,10,5,5,16,16,10,13,6,8,5,10,7,7,15,7,6,3,2,23,6,3,9,3,3,7,2,40,4,5,2,0,1,2,5,0,2,2,2,0,3,0,7,4,1,3,4,2,4,2,2,9,4,0,2,8,2,3,2,2,2,0,7,0,2,2,5,2,2,6,2,0,3,0,2,2,13,0,0,2,7,7,7,1,0,2,2,11,0,6,0,2,2,10,2,8,0,7,4,1,2,6,2,2,2,2,3,4,2,2,0,4,4,7,0,0,8,10,4,2,2,0,2,2,0,2,0,4,0,0,4,2,0,5,1,5,2,2,9,4,2,4,12,5,0,2,2,2,7,9,6,9,11,0,4,3,0,13,2,0,5,0,4,2,4,0,6,3,5,5,0,6,4,2,3,6,2,1,0,2,4,2,4,2,0,9,12,0,5,5,5,7,0,6,2,2,4,3,0,10,2,0,0,2,7,2,840
scan1-20.png,1,6,7,12,6,7,19,18,11,14,6,8,5,12,6,8,15,8,6,1,6,25,8,4,10,4,4,7,2,42,4,5,0,0,1,2,7,2,2,2,2,2,4,2,7,3,1,3,4,2,8,2,4,9,4,2,4,8,2,2,2,2,2,0,7,0,4,2,5,0,4,6,0,0,3,0,2,0,13,0,4,2,7,7,7,1,2,1,6,11,2,6,0,2,4,10,2,8,2,7,6,1,1,6,2,3,2,2,3,9,2,4,0,4,6,7,0,4,6,10,4,2,3,2,2,2,0,2,0,4,0,0,5,2,0,5,1,5,2,2,9,4,2,4,12,7,0,2,2,6,7,9,6,9,11,0,6,3,2,13,2,0,5,4,4,6,4,2,6,3,7,6,2,6,6,4,3,8,0,3,0,2,4,2,6,2,2,9,12,0,5,5,5,7,0,10,2,2,4,3,0,10,2,0,4,0,7,2,953
scan1-21.png,1,6,7,11,7,7,19,17,11,15,6,9,5,12,7,9,15,8,6,1,2,28,9,5,10,4,4,8,2,44,4,5,0,1,1,2,5,2,4,2,2,2,4,2,7,4,1,3,4,4,8,2,4,9,4,0,4,8,4,2,2,0,2,0,7,0,4,2,5,0,4,6,0,0,4,0,2,0,13,0,2,2,7,7,7,1,2,2,2,11,4,6,0,4,4,10,2,8,4,7,6,1,2,6,2,4,2,2,3,9,2,4,0,4,6,7,0,4,6,10,2,2,3,2,2,4,4,2,2,4,1,2,5,4,0,5,5,5,2,3,9,4,2,4,12,7,0,2,2,6,7,9,6,9,11,0,6,3,2,13,2,0,5,4,6,6,4,2,6,3,7,6,2,8,6,4,3,8,1,3,0,2,5,2,8,2,4,9,12,0,5,5,5,7,0,10,2,2,5,3,0,10,2,0,4,0,7,2,993
scan1-22.png,1,6,7,14,7,7,19,18,11,16,7,9,6,12,7,11,16,9,6,1,3,25,12,5,10,6,6,8,2,44,4,6,0,2,1,4,6,1,6,2,2,2,4,4,7,4,1,3,4,4,8,2,4,9,4,2,4,8,6,2,4,2,2,2,7,4,4,2,6,0,4,6,2,2,4,2,2,0,13,0,2,2,7,7,7,1,4,3,4,11,3,6,0,2,4,10,2,8,4,7,4,1,2,6,2,4,2,2,5,8,2,4,2,4,8,7,0,4,6,10,4,2,4,2,2,6,6,2,2,6,4,2,5,4,0,7,7,5,2,3,9,4,2,4,12,7,3,4,4,6,7,9,6,9,11,2,6,3,2,13,2,4,5,4,6,6,4,4,6,3,7,8,2,10,6,4,3,8,4,5,0,2,5,2,9,4,8,9,12,2,5,5,5,7,2,10,2,2,4,3,0,10,2,0,4,0,7,2,1093
scan1-23.png,1,6,7,14,7,7,19,17,11,16,7,9,5,12,7,10,15,8,6,1,2,25,10,7,10,6,6,8,2,44,4,7,0,2,1,2,6,2,6,2,2,2,4,4,7,6,1,3,4,4,8,2,4,9,4,0,4,8,6,2,4,2,2,2,7,3,4,2,5,0,4,6,1,2,4,2,2,0,13,0,4,2,7,7,7,1,2,2,3,11,3,6,0,2,4,10,2,8,4,7,6,1,2,6,2,4,2,2,5,9,2,4,2,4,6,7,0,4,6,10,4,2,4,2,2,6,6,2,2,6,4,2,5,4,0,5,7,5,2,3,9,4,2,4,12,7,2,3,2,6,7,9,6,9,11,2,6,3,2,13,4,2,5,4,6,6,4,4,6,3,7,8,2,9,6,4,3,8,2,5,0,2,5,2,8,4,8,9,12,1,5,5,5,7,1,10,2,2,4,3,0,10,2,0,4,0,7,2,1071
scan1-24.png,1,6,7,11,6,7,19,17,11,15,6,8,5,12,6,8,15,8,6,1,2,24,7,4,13,4,4,8,2,42,4,5,0,0,1,2,5,2,4,2,2,2,4,2,7,4,1,3,4,4,8,2,4,9,4,0,4,8,4,2,2,0,2,0,7,0,4,2,5,0,4,6,0,0,4,0,2,0,13,0,0,2,7,7,7,1,2,1,2,11,2,6,0,2,4,10,2,8,2,7,6,1,2,6,2,4,2,2,3,9,2,4,0,4,6,7,0,4,6,10,3,2,3,2,2,2,0,2,2,4,0,2,5,4,0,5,3,5,2,2,9,4,2,4,12,7,0,2,2,6,7,9,6,9,11,0,6,3,4,13,2,0,5,4,4,6,4,1,6,3,7,6,2,8,6,4,3,8,0,2,0,2,4,2,6,2,2,9,12,0,5,5,5,7,0,10,2,2,4,3,0,10,2,0,4,0,7,2,955
scan1-25.png,1,6,7,14,7,7,20,19,12,15,6,8,6,12,6,10,15,10,6,1,2,25,10,5,10,8,8,8,2,44,4,6,0,2,1,4,5,2,5,2,2,2,4,4,7,6,1,3,4,4,8,2,4,9,4,2,4,8,6,2,4,0,2,2,7,4,4,2,5,1,6,6,1,2,3,2,2,0,13,0,2,2,7,7,7,1,4,5,2,11,2,6,0,4,6,10,2,8,4,7,4,1,1,6,2,4,2,2,5,9,2,4,2,4,10,7,0,4,7,10,4,2,4,2,2,4,3,2,2,6,2,0,5,2,0,6,5,5,2,5,9,4,2,6,12,9,2,4,4,8,7,9,6,9,11,0,6,3,2,13,2,4,5,4,6,6,4,5,6,3,7,8,2,8,8,4,3,8,2,5,0,2,5,2,9,4,8,9,12,2,5,5,5,7,2,10,2,2,5,3,0,10,2,2,4,0,7,2,1090
scan1-26.png,1,6,7,14,7,7,20,19,12,15,6,8,6,12,6,10,15,10,6,1,2,25,10,5,10,8,8,8,2,44,4,6,0,2,1,4,5,2,5,2,2,2,4,4,7,6,1,3,4,4,8,2,4,9,4,2,4,8,6,2,4,0,2,2,7,4,4,2,5,1,6,6,1,2,3,2,2,0,13,0,2,2,7,7,7,1,4,5,2,11,2,6,0,4,6,10,2,8,4,7,4,1,1,6,2,4,2,2,5,9,2,4,2,4,10,7,0,4,7,10,4,2,4,2,2,4,3,2,2,6,2,0,5,2,0,6,5,5,2,5,9,4,2,6,12,9,2,4,4,8,7,9,6,9,11,0,6,3,2,13,2,4,5,4,6,6,4,5,6,3,7,8,2,8,8,4,3,8,2,5,0,2,5,2,9,4,8,9,12,2,5,5,5,7,2,10,2,2,5,3,0,10,2,2,4,0,7,2,1090
scan1-27.png,1,6,7,14,6,7,18,17,11,16,7,9,5,12,6,9,15,8,6,1,2,24,9,5,10,5,5,8,2,43,4,6,0,2,1,2,5,2,5,2,2,2,4,4,7,6,1,3,4,4,8,2,4,9,4,0,4,8,6,2,4,2,2,2,7,4,2,2,5,0,4,6,0,2,4,2,2,0,13,0,2,2,7,7,7,1,2,1,2,11,2,6,0,2,4,10,2,8,4,7,6,1,2,6,2,4,2,2,5,8,2,4,2,4,8,7,0,4,6,10,4,2,4,2,2,5,4,2,2,6,4,2,5,4,0,5,7,5,2,3,9,4,2,4,12,7,2,4,2,4,7,9,6,9,11,2,6,3,2,13,2,0,5,4,6,6,4,2,6,3,7,6,2,8,6,4,3,8,2,4,0,2,5,2,8,4,8,9,12,1,5,5,5,7,0,10,2,2,4,3,0,10,2,0,4,0,7,2,1036
scan1-28.png,1,6,7,11,7,7,19,17,11,14,5,8,5,12,6,8,15,6,6,1,2,25,7,3,10,4,4,7,3,42,4,5,0,0,1,2,5,2,2,2,2,2,4,2,7,2,1,3,2,2,8,2,4,9,4,0,4,8,2,2,1,0,2,0,5,0,4,2,5,0,4,6,0,0,3,0,2,0,13,0,0,2,7,7,7,1,2,0,2,11,2,6,0,4,4,10,2,8,2,7,2,0,1,6,2,4,2,2,2,9,2,4,0,4,6,7,0,4,8,10,2,2,3,2,2,2,1,2,0,4,0,0,5,2,0,5,1,5,2,1,9,4,2,4,12,7,0,1,2,6,7,9,6,9,11,0,6,3,2,13,2,0,5,4,4,6,4,1,6,3,7,6,2,6,6,4,3,8,0,2,0,2,4,0,2,2,2,9,12,0,5,5,5,7,0,10,2,2,4,3,0,10,2,0,4,0,7,2,911
scan1-29.png,1,6,7,14,7,7,19,18,11,16,7,9,8,12,7,10,16,10,7,1,2,25,11,5,10,6,6,8,2,48,4,6,2,2,1,2,5,2,6,2,2,2,4,4,7,6,1,3,4,4,8,2,4,9,4,0,4,8,6,4,4,2,2,2,7,4,4,2,5,2,4,6,2,2,4,2,2,0,13,0,2,2,7,7,7,1,4,4,2,11,4,6,2,4,4,10,2,8,4,7,6,1,2,6,2,4,2,2,5,9,2,4,2,4,10,7,0,4,8,10,4,4,4,2,2,7,6,2,2,6,4,2,5,4,0,7,7,5,2,5,9,4,2,4,12,9,4,4,4,8,7,9,6,9,11,2,6,3,2,13,2,4,5,4,6,6,4,4,6,3,7,8,2,10,6,4,3,8,4,5,0,2,5,2,9,4,8,9,12,2,5,5,5,7,2,10,2,2,5,3,0,10,2,4,4,2,7,2,1129
scan1-30.png,1,6,7,11,5,6,18,17,11,14,6,8,4,12,6,8,15,8,6,1,2,24,7,3,10,4,4,7,2,41,4,5,2,0,1,2,5,0,2,2,2,0,4,0,7,2,1,3,4,2,8,2,4,9,4,0,4,8,2,2,2,0,2,0,7,0,2,2,5,2,4,6,2,0,3,0,2,0,13,0,0,2,7,7,7,1,0,1,2,11,2,6,0,2,2,10,2,8,0,7,2,1,1,6,2,3,2,2,3,7,2,4,0,4,6,7,0,2,6,10,2,2,3,0,2,2,0,2,0,4,0,0,5,2,0,5,1,5,2,2,9,4,2,4,12,7,0,1,2,4,7,9,6,9,11,0,6,3,2,13,2,0,5,4,4,4,4,0,6,3,7,6,2,6,6,2,3,8,0,1,0,2,4,2,4,2,0,9,12,0,5,5,5,7,0,10,2,2,4,3,0,10,2,0,4,0,7,2,889
scan1-31.png,1,6,7,14,6,7,18,18,11,15,7,9,6,12,6,9,15,8,6,1,2,24,8,6,10,5,5,8,2,43,4,8,0,2,1,2,5,1,6,2,2,2,4,4,7,5,1,3,4,4,8,2,4,9,4,0,4,8,6,2,4,2,2,0,7,4,2,2,5,0,4,6,0,2,4,2,2,0,13,0,0,2,7,7,7,1,2,2,2,11,2,6,0,2,4,10,2,8,4,7,4,1,2,6,2,4,2,2,5,8,2,4,0,4,8,7,0,2,6,10,3,2,4,2,2,4,4,2,2,6,4,2,5,4,0,5,5,5,2,2,9,4,2,4,12,7,2,4,2,4,7,9,6,9,11,2,6,3,2,13,2,2,5,4,6,6,4,3,6,3,6,8,2,10,6,4,3,8,2,4,0,2,5,2,7,2,6,9,12,2,5,5,5,7,2,10,2,2,4,3,0,10,2,0,4,0,7,2,1028
scan1-32.png,1,2,7,9,5,5,15,15,10,12,4,8,5,9,6,4,11,4,4,1,2,23,5,3,7,3,3,7,2,38,4,4,2,0,1,2,4,2,0,2,2,0,2,0,6,4,0,3,2,2,6,2,2,9,4,0,2,8,2,2,1,0,2,0,3,0,4,1,2,2,2,5,2,0,2,0,2,2,12,0,0,2,7,7,7,0,0,1,2,11,2,6,0,4,0,10,2,7,0,7,2,0,2,6,2,2,2,2,2,6,2,2,0,2,3,6,0,0,8,10,1,1,2,2,2,2,0,2,0,2,0,0,4,2,0,2,0,5,2,1,9,2,2,0,12,5,0,1,0,4,7,9,6,9,11,0,2,3,0,13,2,0,5,0,2,4,4,0,3,3,3,4,2,6,1,0,3,6,1,1,0,2,4,2,4,2,0,8,11,0,5,5,5,7,0,4,2,2,3,3,0,9,2,0,0,0,7,2,748
scan1-33.png,1,2,7,13,6,7,14,17,10,14,5,9,6,11,6,7,10,5,3,0,2,24,8,5,7,5,5,8,2,40,4,5,0,4,1,4,4,2,4,2,2,2,2,4,6,8,0,3,2,4,4,2,2,9,4,2,4,8,6,0,2,0,2,0,3,2,4,1,2,0,4,5,1,2,3,2,2,0,12,0,0,2,7,7,7,0,4,3,2,11,2,6,2,4,2,10,2,7,4,7,4,0,2,6,2,4,2,2,4,5,2,2,0,2,3,6,0,2,6,10,1,1,3,0,2,6,6,2,2,4,4,2,5,4,0,1,4,5,2,1,9,2,2,2,12,7,2,2,0,8,7,9,6,9,11,2,2,3,2,13,2,2,5,2,2,6,4,3,3,3,3,7,0,10,3,2,3,6,2,5,0,0,5,0,5,2,6,8,11,2,5,5,5,7,2,6,0,2,3,3,0,9,2,0,0,2,7,2,899
scan1-34.png,1,2,49,9,5,5,13,15,10,12,4,8,4,9,5,4,9,4,3,0,2,23,5,3,7,3,3,7,2,37,4,4,0,0,59,2,4,0,0,2,2,0,2,0,94,2,0,41,16,2,4,2,2,74,4,0,2,113,2,0,1,0,118,0,16,0,2,1,2,0,2,50,0,0,2,0,2,0,84,0,0,2,150,38,86,0,0,0,2,104,0,86,0,2,0,97,131,124,0,33,0,0,1,112,2,2,37,2,2,3,2,2,0,2,3,50,0,0,6,96,0,1,2,0,2,2,0,87,0,2,0,0,118,2,0,1,0,5,2,1,18,2,2,0,129,5,0,0,0,2,84,63,47,44,46,0,2,100,0,159,2,0,83,0,0,2,4,0,3,29,2,4,0,6,1,0,107,6,0,0,96,0,4,0,2,2,0,109,39,0,49,46,114,43,0,4,0,2,8,64,0,126,2,0,0,0,72,2,4117
scan1-35.png,1,5,7,11,5,7,17,17,12,14,4,8,5,12,6,7,13,8,4,0,2,24,7,3,9,5,5,7,2,39,4,4,0,2,1,6,4,0,0,4,2,2,3,2,7,4,0,3,2,2,6,2,4,9,4,4,4,8,2,0,1,0,2,0,3,0,2,1,4,0,6,6,0,0,3,0,2,0,13,2,0,2,7,7,7,2,2,1,2,11,4,6,0,2,6,10,2,8,2,7,0,0,1,6,2,4,2,2,2,6,2,4,0,5,5,7,2,2,6,10,0,1,3,2,2,2,0,2,1,4,0,1,5,2,2,3,2,5,4,3,9,2,2,4,12,7,0,1,0,4,7,9,6,9,11,0,4,3,2,13,2,0,5,4,2,6,4,0,6,3,4,6,0,6,5,4,3,10,0,2,0,2,4,0,2,4,2,9,12,0,5,5,5,7,0,8,0,2,3,3,0,10,2,0,4,0,7,2,880
scan1-36.png,1,6,7,11,6,5,19,18,11,14,6,8,4,11,6,9,15,8,6,1,3,23,7,4,10,4,4,7,2,41,4,5,0,0,1,2,9,2,2,2,2,0,4,0,7,3,1,3,4,2,6,2,4,9,4,3,4,8,2,2,2,0,2,0,7,0,2,2,5,2,5,6,0,0,5,0,2,0,13,0,2,2,7,7,7,2,1,1,6,11,2,6,0,2,2,10,2,8,0,7,4,3,1,6,2,2,2,2,3,7,2,4,0,4,6,7,4,2,8,10,2,2,3,0,2,2,0,2,0,4,0,0,5,2,0,5,1,5,2,2,9,4,2,4,12,7,0,1,2,4,7,9,6,9,11,0,6,3,2,13,2,0,5,4,4,4,4,2,6,3,7,6,2,6,7,2,3,8,0,0,0,2,5,2,4,2,0,9,12,0,5,5,5,7,0,8,2,2,4,3,0,10,2,0,4,0,7,2,917
scan1-37.png,1,4,7,10,6,7,17,17,11,12,4,9,6,10,6,6,12,5,5,0,2,24,6,4,9,4,4,7,2,39,4,4,2,2,1,2,4,2,2,2,2,2,3,2,7,4,0,3,2,4,6,2,4,9,4,0,4,8,3,1,1,2,2,0,3,0,4,1,2,2,4,6,2,0,4,0,2,0,13,0,0,2,7,7,7,0,2,1,2,11,2,6,0,2,2,10,2,8,2,7,4,0,2,6,2,4,2,2,2,9,2,4,0,2,5,7,0,4,8,10,1,1,3,2,2,2,0,2,2,6,0,2,5,2,0,1,2,5,2,1,9,2,2,2,12,7,0,2,0,6,7,9,6,9,11,0,4,3,2,13,2,0,5,4,2,6,4,1,5,3,5,5,2,8,3,2,3,8,0,3,0,2,4,2,4,2,2,9,12,0,5,5,5,7,0,8,2,2,3,3,0,10,2,0,4,0,7,2,873
scan1-38.png,1,6,7,14,6,7,16,18,10,15,7,9,6,11,5,9,14,8,4,1,2,24,9,5,9,4,4,8,2,43,4,6,0,2,1,2,5,2,10,2,2,2,2,4,7,6,1,3,4,4,4,2,2,9,4,0,4,8,6,2,4,2,2,0,7,4,4,2,5,0,2,6,0,2,3,2,2,0,13,0,0,2,7,7,7,1,4,2,2,11,1,6,0,2,4,10,2,8,4,7,6,1,2,6,2,4,2,2,5,6,2,2,2,4,8,7,0,2,6,10,3,2,3,2,2,6,5,2,2,6,4,2,5,4,0,5,5,5,2,4,9,4,2,2,12,7,2,5,2,8,7,9,6,9,11,2,4,3,2,13,2,2,5,0,6,6,4,3,6,3,5,8,0,10,5,4,3,8,2,5,0,0,5,0,7,2,6,9,12,2,5,5,5,7,2,8,0,2,4,3,0,10,3,2,0,2,7,2,1004
scan1-39.png,1,8,7,10,5,5,18,16,11,13,5,8,4,11,6,7,12,5,5,1,2,23,6,3,8,4,4,7,2,40,4,4,2,0,1,4,4,0,2,4,2,0,3,0,7,2,1,3,4,2,6,2,4,9,4,2,2,8,2,2,2,0,2,0,5,0,2,2,5,2,4,6,2,0,3,0,2,0,13,0,0,2,7,7,7,1,0,0,2,11,4,6,0,2,2,10,2,8,0,7,2,1,1,6,2,2,2,2,2,6,2,4,0,6,4,7,0,2,6,10,2,1,3,0,2,2,0,2,0,4,0,0,4,2,0,3,0,5,4,3,9,4,2,3,12,5,0,0,1,2,7,9,6,9,11,0,3,3,0,13,2,0,5,0,0,2,4,0,6,3,5,5,2,6,4,4,3,6,0,0,0,2,4,2,2,2,0,9,12,0,5,5,5,7,0,8,2,2,4,3,0,10,2,0,1,0,7,2,830
scan1-40.png,1,3,7,12,6,7,16,16,11,15,5,9,6,11,6,7,12,6,5,0,2,25,8,5,9,5,5,8,2,41,4,4,2,2,1,2,4,2,2,2,2,2,3,2,6,6,0,3,2,4,8,2,4,9,4,0,4,8,6,2,1,2,2,2,3,2,4,1,2,2,4,5,2,2,4,0,2,0,12,0,2,2,7,7,7,0,2,1,2,11,4,6,0,4,2,10,2,7,4,7,4,0,2,6,2,4,2,2,2,9,2,4,2,2,5,6,0,4,8,10,2,1,3,2,2,4,4,2,2,4,2,2,5,4,0,2,6,5,2,2,9,2,2,2,12,7,0,2,0,6,7,9,6,9,11,0,4,3,2,13,2,0,5,4,2,6,4,2,3,3,5,5,0,8,3,2,3,8,4,3,0,1,5,0,6,4,8,8,11,0,5,5,5,7,0,8,2,2,3,3,0,9,2,0,4,0,7,2,928
scan1-41.png,1,4,7,10,6,7,16,17,11,15,4,9,5,11,6,5,12,6,4,0,2,24,7,4,9,3,3,8,2,40,4,4,0,2,1,2,4,2,2,2,2,2,3,2,6,6,0,3,2,4,6,2,4,9,4,0,4,8,6,0,1,0,2,0,3,0,4,1,2,0,4,5,0,1,4,0,2,0,12,0,0,2,7,7,7,0,2,0,2,11,2,6,0,2,2,10,2,7,4,7,4,0,2,6,2,4,2,2,2,9,2,4,0,2,5,6,0,4,6,10,1,1,3,2,2,2,0,2,2,4,0,2,5,4,0,1,2,5,2,1,9,2,2,2,12,7,0,1,0,6,7,9,6,9,11,0,4,3,2,13,2,0,5,4,2,6,4,1,3,3,3,5,0,8,3,2,3,8,0,2,0,2,5,0,4,2,4,8,11,0,5,5,5,7,0,8,2,2,3,3,0,9,2,0,4,0,7,2,856
scan1-42.png,1,6,7,11,5,6,18,17,11,14,6,8,4,12,6,8,15,8,5,1,2,24,6,3,10,4,4,7,2,42,4,5,0,0,1,2,5,2,2,2,2,2,4,0,7,2,1,3,4,2,6,2,4,9,4,0,4,8,2,2,2,0,2,0,7,0,2,2,5,0,4,6,0,0,3,0,1,0,13,0,0,2,7,7,7,1,2,1,2,11,2,6,0,2,2,10,2,8,0,7,2,1,1,6,2,2,2,2,3,8,2,4,0,4,6,7,0,2,6,10,2,2,2,2,2,2,0,2,0,4,0,0,5,2,0,5,1,5,2,2,9,4,2,4,12,5,0,1,2,4,7,9,6,9,11,0,6,3,2,13,2,0,5,4,4,6,4,0,6,3,7,6,0,6,6,4,3,8,0,1,0,2,4,0,4,2,0,9,12,0,5,5,5,7,0,8,2,2,4,3,0,10,2,0,4,0,7,2,882
scan1-43.png,1,2,7,13,6,7,13,17,10,14,5,9,6,11,5,5,11,7,3,0,2,24,9,5,9,4,4,8,2,40,4,5,0,2,1,2,4,2,4,2,2,2,2,4,6,6,0,3,2,4,6,2,2,9,4,0,4,8,6,0,3,2,2,2,3,4,4,1,2,0,2,5,0,2,4,2,2,0,12,0,2,2,7,7,7,0,3,1,2,11,0,6,0,2,2,10,2,7,4,7,4,0,2,6,2,4,2,2,4,6,2,4,2,2,7,6,0,2,6,10,2,1,3,2,2,6,4,2,2,4,4,2,5,4,0,1,5,5,2,4,9,2,2,0,12,7,2,3,0,4,7,9,6,9,11,2,4,3,2,13,2,2,5,4,2,6,4,4,3,3,3,7,0,10,3,2,3,8,2,4,0,2,5,0,7,2,8,8,11,2,5,5,5,7,2,8,0,2,3,3,0,9,2,0,4,2,7,2,918
scan1-44.png,1,6,49,11,5,6,18,17,11,14,6,8,4,12,6,8,15,8,6,1,2,24,7,3,10,4,4,7,2,41,4,5,0,0,59,2,5,1,2,2,2,0,4,0,97,2,1,41,18,2,8,2,4,74,4,0,4,113,2,2,2,0,118,0,20,0,2,2,5,0,4,51,0,0,3,0,2,0,85,0,0,2,150,38,86,1,0,1,2,104,2,86,0,2,2,97,131,125,0,33,2,1,1,112,2,3,37,2,3,6,2,4,0,4,6,51,0,2,6,96,2,2,3,2,2,2,0,87,0,4,0,0,119,2,0,5,1,5,2,2,18,4,2,4,129,7,0,1,2,4,84,63,47,44,46,0,6,100,2,159,2,0,83,4,4,4,4,0,6,29,6,6,2,6,6,2,107,8,0,0,96,2,4,2,4,2,0,110,40,0,49,46,114,43,0,10,2,2,9,64,0,127,2,0,4,0,72,2,4318
scan1-45.png,1,6,7,14,6,7,19,18,12,14,7,9,6,12,7,10,15,8,6,2,2,23,8,5,10,5,5,8,2,42,4,6,2,4,1,4,6,2,6,2,2,2,3,4,7,8,1,3,4,4,6,2,4,9,4,2,4,8,6,4,4,2,2,0,7,4,4,2,6,2,6,6,2,2,4,2,2,0,13,0,0,2,7,7,7,1,2,4,2,11,5,6,0,4,6,10,2,8,4,7,8,1,2,6,2,4,2,2,5,8,2,4,0,4,6,7,1,4,8,10,3,4,4,2,2,5,6,2,2,6,4,2,5,4,0,5,5,5,2,2,9,4,2,6,12,5,2,4,2,6,7,9,6,9,11,2,6,3,2,13,2,2,5,2,6,5,4,3,6,3,7,8,0,9,8,4,3,6,2,5,0,2,5,0,6,2,6,9,12,2,5,5,5,7,2,10,0,2,4,3,0,10,2,0,2,2,7,2,1062
scan1-46.png,1,6,7,10,6,5,16,16,10,13,6,8,4,11,5,7,13,6,4,1,2,23,6,3,8,3,3,7,2,40,4,5,0,0,1,2,5,0,2,2,2,0,2,0,7,2,5,3,4,2,4,2,2,9,4,2,2,8,2,2,2,0,2,0,7,0,2,2,5,0,2,6,0,0,3,0,2,0,13,0,0,2,7,7,7,1,0,1,2,11,0,6,0,2,2,10,2,8,0,7,2,1,1,6,2,2,2,2,3,3,2,2,0,4,4,7,0,0,6,10,2,2,2,0,2,2,0,2,0,4,0,0,4,2,0,5,1,5,2,2,9,4,2,4,12,5,0,1,2,2,7,9,6,9,11,0,4,3,0,13,2,0,5,0,4,2,4,0,6,3,4,5,0,6,4,2,3,6,0,0,0,0,4,0,4,2,0,9,12,0,5,5,5,7,0,6,0,2,4,3,0,10,2,0,0,0,7,2,801
scan1-47.png,1,2,49,9,5,5,13,15,10,12,4,8,4,9,5,4,9,4,3,0,2,23,5,3,7,3,3,7,2,37,4,4,0,0,59,2,4,0,0,2,2,0,2,0,94,2,0,45,20,2,4,2,2,76,4,0,2,113,2,0,1,0,118,0,16,0,2,1,2,0,2,50,0,0,2,0,2,0,84,0,0,2,150,41,86,0,0,0,2,105,0,86,0,2,0,98,131,124,0,35,0,0,1,112,2,2,38,2,2,3,2,2,0,2,3,51,0,0,6,98,0,1,2,0,2,2,0,87,0,2,0,0,118,2,0,1,0,5,2,1,20,2,2,0,129,5,0,0,0,2,84,64,48,44,47,0,2,100,0,159,2,0,83,0,0,2,4,0,3,30,2,4,0,6,1,0,107,6,0,0,96,0,4,0,2,2,0,109,41,0,50,47,114,44,0,4,0,2,12,65,0,127,2,0,0,0,73,2,4156
scan1-48.png,1,4,49,10,5,5,16,15,10,12,6,8,4,10,5,6,12,6,4,1,2,23,6,3,8,3,3,7,2,40,4,5,0,0,59,2,5,0,2,2,2,0,2,0,94,2,1,44,23,2,4,2,2,76,4,0,2,114,2,2,2,0,118,0,20,0,2,2,5,0,2,50,0,0,2,0,2,0,84,0,0,2,150,42,86,1,0,1,2,105,0,87,0,2,2,98,131,125,0,35,2,1,1,112,2,2,38,2,3,3,2,2,0,4,4,51,0,0,6,97,2,2,2,0,2,2,0,87,0,4,0,0,118,2,0,5,1,5,2,2,19,4,2,2,129,5,0,1,2,2,85,64,48,44,47,0,4,100,0,159,2,0,83,0,4,2,4,0,6,30,4,5,0,6,4,2,107,6,0,0,96,0,4,0,4,2,0,109,42,0,50,47,114,45,0,6,0,2,13,65,0,128,2,0,0,0,73,2,4254
scan1-49.png,1,4,7,13,6,7,17,17,11,16,5,9,5,11,6,8,12,6,5,0,2,24,9,5,9,5,5,8,2,40,4,5,0,2,1,2,4,2,3,2,2,2,3,4,7,6,0,3,2,4,8,2,4,9,4,0,4,8,6,0,3,0,2,2,3,4,4,1,2,0,4,6,0,2,4,2,2,0,13,0,2,2,7,7,7,0,2,0,2,11,2,6,0,2,4,10,2,8,4,7,4,0,2,6,2,4,2,2,4,9,2,4,2,2,6,7,0,4,6,10,2,1,4,2,2,5,4,2,2,6,4,2,5,4,0,1,6,5,2,2,9,2,2,2,12,7,2,2,0,6,7,9,6,9,11,0,4,3,2,13,2,2,5,4,2,6,4,2,6,3,5,5,2,8,3,2,3,8,2,4,0,2,5,0,6,4,8,9,12,0,5,5,5,7,0,8,2,2,3,3,0,10,2,0,4,0,7,2,952
scan1-50.png,1,4,7,10,6,7,17,17,11,16,4,8,6,11,6,6,12,6,6,0,2,24,7,4,9,5,5,8,2,40,4,4,2,0,1,2,4,2,2,2,2,2,3,2,7,3,0,3,2,4,8,2,4,9,4,0,4,8,6,0,1,0,2,2,3,0,4,1,2,2,4,6,2,0,4,0,2,0,13,0,2,2,7,7,7,0,2,1,2,11,2,6,0,2,4,10,2,8,4,7,4,0,2,6,2,4,2,2,4,9,2,4,1,2,5,7,0,4,8,10,2,1,3,2,2,2,0,2,2,4,0,2,5,2,0,1,4,5,2,2,9,2,2,2,12,7,0,2,0,6,7,9,6,9,11,0,4,3,2,13,2,0,5,4,0,6,4,2,6,3,5,5,2,8,3,2,3,8,0,3,0,2,4,2,6,4,6,9,12,0,5,5,5,7,0,8,2,2,3,3,0,10,2,0,4,0,7,2,904
scan1-51.png,1,6,7,10,5,5,18,16,10,13,6,8,4,10,6,8,14,7,5,1,2,23,6,3,10,4,4,7,2,40,4,5,0,0,1,2,5,0,2,2,2,0,4,0,7,2,1,3,4,2,6,2,4,9,4,0,2,8,2,2,2,0,2,0,7,0,2,2,5,0,4,6,0,0,3,0,2,0,13,0,0,2,7,7,7,1,0,1,2,11,2,6,0,2,2,10,2,8,0,7,2,1,1,6,2,2,2,2,2,7,2,4,0,4,6,7,0,2,8,10,2,2,3,0,2,2,0,2,0,4,0,0,4,2,0,5,1,5,2,2,9,4,2,4,12,6,0,2,2,2,7,9,6,9,11,0,6,3,0,13,2,0,5,2,4,2,4,0,6,3,6,5,2,6,6,2,3,8,0,0,0,2,4,2,3,2,0,9,12,0,5,5,5,7,0,8,2,2,4,3,0,10,2,0,2,0,7,2,849
scan1-52.png,1,4,7,10,6,7,17,17,11,14,4,8,6,11,6,6,13,6,6,0,2,24,6,4,9,4,4,7,2,40,4,4,2,0,1,2,4,2,1,2,2,2,3,2,7,4,0,3,2,2,8,2,4,9,4,0,4,8,2,0,1,2,2,0,3,0,4,1,2,2,4,6,2,0,4,0,2,0,13,0,2,2,7,7,7,0,2,1,2,11,2,6,0,2,4,10,2,8,2,7,4,0,2,6,2,3,2,2,2,9,2,4,0,2,5,7,0,4,8,10,2,1,3,2,2,2,0,2,0,4,0,0,5,2,0,1,0,5,2,1,9,2,2,2,12,7,0,2,0,6,7,9,6,9,11,0,4,3,2,13,2,0,5,4,0,6,4,2,6,3,5,5,2,6,3,2,3,8,0,3,0,2,4,2,4,2,2,9,12,0,5,5,5,7,0,8,2,2,3,3,0,10,2,0,4,0,7,2,868
scan1-53.png,1,2,49,9,5,5,13,15,10,12,4,8,4,9,5,4,9,4,3,0,2,23,5,3,7,3,3,7,2,37,4,4,0,0,59,2,4,0,0,2,2,0,2,0,94,2,0,44,21,2,4,2,2,76,4,0,2,114,2,0,1,0,118,0,16,0,2,1,2,0,2,50,0,0,2,0,2,0,84,0,0,2,150,42,86,0,0,0,2,105,0,87,0,2,0,98,131,125,0,35,0,0,1,112,2,2,38,2,2,3,2,2,0,2,3,51,0,0,6,97,0,1,2,0,2,2,0,87,0,2,0,0,118,2,0,1,0,5,2,1,19,2,2,0,129,5,0,0,0,2,85,64,48,44,47,0,2,100,0,159,2,0,83,0,0,2,4,0,3,30,2,4,0,6,1,0,107,6,0,0,96,0,4,0,2,2,0,109,42,0,50,47,114,45,0,4,0,2,12,64,0,128,2,0,0,0,73,2,4161
scan1-54.png,1,6,7,10,5,5,18,16,10,13,6,8,4,10,6,8,14,7,5,1,2,24,6,3,10,3,3,7,2,40,4,5,0,0,1,2,5,0,2,2,2,0,3,0,7,2,1,3,4,2,4,2,4,9,6,0,2,8,2,2,2,0,2,0,7,0,2,2,5,0,4,6,0,0,3,0,2,0,13,0,0,2,7,7,7,1,0,1,2,11,2,6,2,2,4,10,2,8,0,7,2,1,1,6,2,2,2,2,3,4,2,4,0,6,6,7,0,2,6,10,2,4,3,0,2,2,0,2,0,4,0,0,4,2,0,5,1,5,2,2,9,4,2,4,12,5,0,1,2,2,7,9,6,9,11,0,6,3,0,13,2,0,5,2,4,2,4,0,6,3,6,5,0,6,6,2,3,6,0,0,0,2,4,0,4,2,0,9,12,2,5,5,5,7,2,8,0,2,4,3,2,10,2,2,2,2,7,2,852
scan1-55.png,1,4,7,9,5,5,14,17,11,12,4,8,4,11,5,6,9,4,3,0,3,23,6,3,7,4,4,7,2,37,4,4,0,2,1,4,7,0,0,4,2,0,2,0,6,4,2,3,2,2,4,2,2,9,4,6,2,8,2,0,1,0,2,0,3,0,2,1,3,0,4,5,0,0,4,0,2,0,12,0,0,2,7,7,7,0,0,1,4,11,2,6,0,2,2,10,2,7,0,7,2,2,1,6,2,2,2,2,2,3,2,2,0,4,3,6,6,0,6,10,0,1,2,0,2,2,0,2,0,2,0,0,4,2,0,2,0,5,4,3,9,2,2,2,12,5,0,0,0,2,7,9,6,9,11,0,2,3,0,13,2,0,5,0,1,2,4,2,3,3,2,4,0,6,3,2,3,8,0,0,0,0,5,0,3,4,0,8,11,0,5,5,5,7,0,4,0,2,3,3,0,9,2,0,0,0,7,2,761
scan1-56.png,1,4,7,10,7,7,17,17,11,14,5,9,5,11,6,7,12,6,5,1,2,25,7,5,9,4,4,7,2,40,4,4,0,2,1,2,4,2,2,2,2,2,4,2,7,4,0,3,2,4,8,2,4,9,4,0,4,8,2,0,1,0,2,0,3,2,4,1,3,2,4,6,2,2,4,0,2,0,13,0,0,2,7,7,7,0,2,0,2,11,3,6,0,4,4,10,2,8,2,7,4,0,2,6,2,4,2,2,2,9,2,4,0,2,5,7,0,4,8,10,0,1,3,2,2,4,4,2,2,6,2,2,5,4,0,1,4,5,2,1,9,2,2,2,12,7,0,1,0,6,7,9,6,9,11,0,4,3,2,13,2,0,5,4,2,6,4,1,6,3,5,6,2,8,3,2,3,8,0,3,0,2,4,2,4,2,4,9,12,0,5,5,5,7,0,8,2,2,3,3,0,10,2,0,4,0,7,2,904
scan1-57.png,1,2,49,9,5,5,13,15,10,12,4,8,4,9,5,4,9,4,3,0,2,23,5,3,7,3,3,7,2,37,4,4,0,0,59,2,4,0,0,2,2,0,2,0,94,2,0,41,17,2,4,2,2,75,4,0,2,114,2,0,1,0,118,0,16,0,2,1,2,0,2,50,0,0,2,0,2,0,84,0,0,2,150,38,86,0,0,0,2,104,0,86,0,2,0,98,131,125,0,33,0,0,1,112,2,2,37,2,2,3,2,2,0,2,3,50,0,0,6,96,0,1,2,0,2,2,0,87,0,2,0,0,118,2,0,1,0,5,2,1,18,2,2,0,129,5,0,0,0,2,84,63,47,44,47,0,2,100,0,159,2,0,83,0,0,2,4,0,3,29,2,4,0,6,1,0,107,6,0,0,96,0,4,0,2,2,0,109,40,0,49,46,114,43,0,4,0,2,8,65,0,126,2,0,0,0,72,2,4125
scan1-58.png,1,6,7,14,6,7,16,18,10,15,7,9,5,11,6,9,14,9,6,1,2,24,10,5,10,5,5,8,2,42,4,6,0,2,1,2,5,2,6,2,2,2,3,4,7,6,1,3,4,4,6,2,4,9,4,0,2,8,6,4,4,2,2,2,7,4,2,2,5,0,2,6,0,2,4,2,2,0,13,0,2,2,7,7,7,1,2,3,2,11,4,6,0,2,4,10,2,8,4,7,6,1,2,6,2,4,2,2,5,6,2,4,2,4,8,7,0,4,6,10,4,4,4,2,2,5,4,2,2,6,4,2,5,4,0,6,7,5,2,5,9,4,2,4,12,7,2,3,4,4,7,9,6,9,11,2,6,3,0,13,2,4,5,0,6,4,4,4,6,3,7,8,0,10,6,4,3,6,2,4,0,2,5,0,8,4,8,9,12,2,5,5,5,7,2,10,0,2,4,3,0,10,2,2,2,2,7,2,1035
scan1-59.png,1,6,7,11,5,5,17,16,10,13,7,8,5,10,6,7,13,6,5,2,2,23,6,3,8,3,3,7,2,41,4,5,2,0,1,2,5,2,2,2,2,0,2,0,7,4,1,3,4,2,4,2,2,9,4,0,2,8,4,4,2,2,2,0,7,0,4,2,5,0,2,6,2,0,3,0,2,2,13,0,0,2,7,7,7,1,0,2,2,11,2,6,0,4,2,10,2,8,0,7,4,1,2,6,2,2,2,2,3,3,2,2,0,6,4,7,0,0,6,10,3,4,2,0,2,2,2,2,0,6,0,0,4,2,0,5,1,5,2,2,9,4,2,4,12,5,0,1,2,4,7,9,6,9,11,2,4,3,0,13,2,2,5,0,6,4,4,3,6,3,5,5,0,6,4,2,3,6,0,1,0,2,5,0,4,2,0,9,12,2,5,5,5,7,2,6,0,2,4,3,0,10,2,0,0,2,7,2,860
scan1-60.png,1,6,7,13,5,6,17,17,10,15,7,8,5,11,6,9,13,8,5,1,2,23,8,5,9,5,5,8,2,42,4,6,0,2,1,2,5,0,6,2,2,0,4,4,7,4,1,3,4,4,4,2,2,9,4,0,2,8,6,2,6,0,2,2,7,4,2,2,5,0,2,6,0,2,4,2,2,0,13,0,0,2,7,7,7,1,0,3,2,11,1,6,0,2,4,10,2,8,4,7,2,1,1,6,2,4,2,2,5,5,2,2,2,4,7,7,0,2,6,10,4,2,3,0,2,4,2,2,2,6,3,2,4,4,0,6,5,5,2,2,9,4,2,4,12,7,2,3,4,2,7,9,6,9,11,2,4,3,0,13,2,4,5,0,4,4,4,2,6,3,6,7,2,10,4,2,3,6,2,3,0,2,5,0,6,4,5,9,12,2,5,5,5,7,2,6,2,2,4,3,0,10,2,2,0,0,7,2,956
scan1-61.png,1,2,7,10,6,5,14,15,10,12,4,9,5,9,6,5,9,4,4,1,2,23,6,4,7,3,3,8,2,38,4,5,0,0,1,2,4,2,4,2,2,0,2,2,6,4,0,3,2,2,4,2,2,9,4,0,2,8,4,2,1,2,2,0,3,2,4,1,2,0,2,5,2,2,2,0,2,0,12,0,0,2,7,7,7,0,0,1,2,11,2,6,0,4,0,10,2,7,0,7,2,0,2,6,2,2,2,2,4,3,2,2,0,2,3,6,0,0,8,10,1,1,2,2,2,4,4,2,0,4,2,0,4,2,0,1,0,5,2,1,9,2,2,0,12,5,2,2,0,2,7,9,6,9,11,2,2,3,0,13,2,2,5,0,2,4,4,2,3,3,3,5,0,6,1,1,3,6,2,2,0,0,5,0,2,2,2,8,11,2,5,5,5,7,2,4,0,2,3,3,0,9,2,0,0,2,7,2,777
scan1-62.png,1,2,49,9,5,5,13,15,10,12,4,8,4,9,5,4,9,4,3,0,2,23,5,3,7,3,3,7,2,37,4,4,0,0,59,2,4,0,0,2,2,0,2,0,94,2,0,41,16,2,4,2,2,74,4,0,2,113,2,0,1,0,118,0,16,0,2,1,2,0,2,50,0,0,2,0,2,0,84,0,0,2,150,38,86,0,0,0,2,104,0,86,0,2,0,97,131,124,0,33,0,0,1,112,2,2,37,2,2,3,2,2,0,2,3,50,0,0,6,96,0,1,2,0,2,2,0,87,0,2,0,0,118,2,0,1,0,5,2,1,18,2,2,0,129,5,0,0,0,2,84,63,47,44,46,0,2,100,0,159,2,0,83,0,0,2,4,0,3,29,2,4,0,6,1,0,107,6,0,0,96,0,4,0,2,2,0,109,39,0,49,46,114,43,0,4,0,2,8,64,0,126,2,0,0,0,72,2,4117
scan1-63.png,1,2,7,10,5,6,13,15,10,13,4,8,4,10,5,4,9,4,3,0,2,23,7,4,7,5,5,8,2,38,4,4,0,0,1,2,4,0,0,2,2,0,2,1,6,2,0,3,2,4,6,2,2,9,4,0,2,8,6,0,2,0,2,2,3,0,2,1,2,0,2,5,0,0,2,0,2,0,12,0,2,2,7,7,7,0,0,2,2,11,1,6,0,2,0,10,2,7,2,7,0,0,1,6,2,4,2,2,4,5,2,2,2,2,3,6,0,0,6,10,2,1,2,1,2,2,0,2,2,2,2,0,4,2,0,2,4,5,2,2,9,2,2,0,12,7,0,0,2,2,7,9,6,9,11,0,2,3,0,13,2,2,5,0,0,4,4,2,3,3,3,5,0,6,1,0,3,6,0,2,0,0,4,0,4,4,6,8,11,2,5,5,5,7,2,6,0,2,3,3,0,9,2,0,0,0,7,2,767
scan1-64.png,1,6,49,10,5,5,16,16,10,13,6,8,4,10,6,7,13,6,4,1,2,23,6,3,8,3,3,7,2,40,4,5,0,0,59,2,5,0,2,2,2,0,2,0,95,2,1,41,18,2,4,2,2,74,4,0,2,113,2,2,2,0,118,0,20,0,2,2,5,0,2,51,0,0,3,0,2,0,85,0,0,2,150,38,86,1,0,1,2,104,0,86,0,2,2,97,131,125,0,33,2,1,1,112,2,2,37,2,3,3,2,2,0,4,4,51,0,0,6,96,2,2,2,0,2,2,0,87,0,4,0,0,118,2,0,5,1,5,2,2,18,4,2,4,129,5,0,1,2,2,84,63,47,44,46,0,4,100,0,159,2,0,83,0,4,2,4,0,6,29,4,5,0,6,4,2,107,6,0,0,96,2,4,0,4,2,0,110,40,0,49,46,114,43,0,6,0,2,9,64,0,127,2,0,0,0,72,2,4229
scan1-65.png,1,2,7,13,6,6,13,17,10,14,5,9,6,10,6,6,9,5,3,0,2,23,8,5,7,4,4,8,2,40,4,5,0,2,1,2,4,0,4,2,2,0,2,4,6,6,0,3,2,4,4,2,2,9,4,0,4,8,6,0,3,2,2,0,3,6,4,1,2,0,2,5,0,2,3,2,2,0,12,0,0,2,7,7,7,0,2,1,2,11,1,6,0,2,2,10,2,7,4,7,4,0,2,6,2,4,2,2,4,5,2,2,1,2,5,6,0,2,6,10,1,1,3,0,2,5,6,2,2,4,6,2,4,4,0,1,4,5,2,1,9,2,2,0,12,6,2,2,0,4,7,9,6,9,11,2,2,3,0,13,4,2,5,0,2,6,4,3,3,3,3,7,0,10,1,2,3,6,2,4,0,0,5,0,5,2,6,8,11,2,5,5,5,7,2,4,0,2,3,3,0,9,2,0,0,0,7,2,861
scan1-66.png,1,6,7,12,7,6,19,17,11,14,7,9,6,12,6,9,15,8,7,1,2,25,7,5,10,4,4,7,2,43,4,5,2,2,1,2,5,2,4,2,2,2,3,2,7,4,1,3,4,3,6,2,3,9,4,0,4,8,2,4,2,2,2,0,7,2,6,2,5,2,4,6,2,1,4,0,2,0,13,0,0,2,7,7,7,1,2,2,2,11,4,6,0,4,4,10,2,8,2,7,6,1,2,6,2,3,2,2,3,8,2,4,0,4,6,7,0,4,8,10,3,2,3,2,2,4,4,2,2,6,2,2,4,2,0,5,5,5,2,2,9,4,2,4,12,7,0,2,2,6,7,9,6,9,11,2,6,3,2,13,2,0,5,2,6,6,4,1,6,3,7,6,2,8,6,4,3,8,2,3,0,2,4,2,6,2,3,9,12,0,5,5,5,7,0,8,0,2,4,3,0,10,2,0,4,0,7,2,983
scan1-67.png,1,6,7,11,5,6,18,17,11,14,6,8,4,12,6,8,15,8,6,1,2,24,7,3,10,4,4,7,2,41,4,5,0,0,1,2,5,0,2,2,2,0,4,0,7,2,1,3,4,2,8,2,4,9,4,0,4,8,2,2,2,0,2,0,7,0,2,4,5,0,4,6,0,0,3,0,2,0,13,0,0,2,7,7,7,1,0,1,2,11,2,6,0,2,2,10,2,8,0,7,2,1,1,6,2,3,2,2,3,6,2,4,0,4,6,7,0,2,6,10,2,2,3,0,2,2,0,2,0,4,0,0,5,2,0,5,1,5,2,2,9,4,2,4,12,7,0,1,2,4,7,9,6,9,11,0,6,3,2,13,2,0,5,4,4,4,4,0,6,3,6,6,2,6,6,2,3,8,0,0,0,2,4,2,4,2,0,9,12,0,5,5,5,7,0,10,2,2,4,3,0,10,2,0,4,0,7,2,882
scan1-68.png,1,6,7,10,5,6,17,16,11,13,6,8,4,12,6,8,14,8,5,1,2,25,7,3,9,3,3,7,2,40,4,5,0,0,1,4,5,0,2,4,0,0,4,0,7,3,1,3,4,2,4,2,2,9,4,4,2,8,2,2,2,0,2,0,7,0,2,2,7,0,4,6,0,0,3,0,2,0,13,0,0,2,7,7,7,1,0,2,2,11,3,6,0,2,4,10,2,8,0,7,2,1,1,6,2,3,2,2,3,3,2,3,0,6,4,7,2,0,6,10,2,2,1,2,2,2,0,2,0,4,0,0,4,2,0,5,1,5,4,3,9,4,2,6,12,3,0,1,2,2,7,9,6,9,11,0,5,3,0,13,2,0,5,0,4,2,4,0,6,3,5,6,0,6,6,4,3,6,0,0,0,2,4,0,4,2,0,9,12,0,5,5,5,7,0,6,0,2,4,3,0,10,2,0,1,0,7,2,847
scan1-69.png,1,2,7,9,5,5,15,15,10,12,4,8,5,9,5,4,11,4,4,1,2,23,5,3,7,3,3,7,2,38,4,4,2,0,1,2,4,2,0,2,2,0,2,0,6,3,0,3,2,2,6,2,2,9,4,0,2,8,2,0,1,0,2,0,3,0,4,1,2,2,2,5,2,0,2,0,2,1,12,0,0,2,7,7,7,0,2,1,2,11,0,6,0,2,0,10,2,7,0,7,2,0,1,6,2,2,2,2,2,6,2,2,0,2,3,6,0,4,8,10,0,1,2,2,2,2,0,2,0,2,0,0,4,2,0,1,0,5,2,1,9,2,2,0,12,5,0,1,0,4,7,9,6,9,11,0,2,3,0,13,2,0,5,0,0,2,4,0,3,3,3,4,2,6,1,0,3,6,0,1,0,2,4,2,2,2,0,8,11,0,5,5,5,7,0,4,2,2,3,3,0,9,2,0,0,0,7,2,735
scan1-70.png,1,6,7,11,6,7,20,17,12,14,6,8,5,13,6,9,15,8,6,1,2,24,7,4,10,5,5,7,2,42,4,5,0,2,1,4,6,2,2,2,2,2,3,0,7,6,1,3,4,2,6,2,4,9,4,4,4,8,2,2,2,0,2,0,7,0,4,2,6,0,6,6,2,0,3,0,2,0,13,0,0,2,7,7,7,1,2,3,2,11,4,6,0,2,6,10,2,8,2,7,8,1,2,6,2,3,2,2,2,9,2,4,0,4,6,7,2,4,8,10,2,2,3,2,2,2,0,2,0,4,0,0,5,2,0,5,1,5,2,2,9,4,2,6,12,7,0,1,2,6,7,9,6,9,11,0,6,3,2,13,2,0,5,4,4,6,4,3,6,3,7,6,2,6,8,4,3,8,0,3,0,2,4,2,5,2,1,9,12,0,5,5,5,7,0,10,2,2,4,3,0,10,2,0,4,0,7,2,961
scan1-71.png,1,6,49,10,5,5,18,16,11,13,6,8,4,10,6,8,14,6,5,1,2,23,6,3,10,4,4,7,2,41,4,5,0,0,59,2,5,1,2,2,2,0,3,0,95,2,1,41,16,2,6,2,4,74,4,0,2,113,2,2,1,0,118,0,18,0,2,2,5,0,4,52,0,0,3,0,2,0,85,0,0,2,150,38,86,1,0,0,2,104,2,86,0,2,2,97,131,125,0,33,2,0,1,112,2,2,37,2,2,4,2,4,0,4,6,51,0,2,6,97,2,2,3,2,2,2,0,87,0,4,0,0,119,2,0,5,0,5,2,1,18,4,2,4,129,7,0,1,2,4,84,63,47,44,46,0,6,100,2,159,2,0,83,2,4,2,4,0,6,29,6,6,0,6,6,2,107,8,0,0,96,0,4,0,2,2,0,110,40,0,49,46,114,43,0,8,0,2,9,64,0,127,2,0,2,0,72,2,4270
scan1-72.png,1,2,7,9,5,5,15,15,10,12,4,8,5,9,6,5,11,4,4,1,2,23,6,4,7,3,3,7,2,38,4,4,2,1,1,2,4,2,0,2,2,0,2,0,6,4,0,3,2,2,6,2,2,9,4,0,2,8,2,2,1,2,2,0,3,0,4,1,2,2,4,5,2,0,2,0,2,2,12,0,0,2,7,7,7,0,2,1,2,11,2,6,0,4,0,10,2,7,0,7,2,0,2,6,2,2,2,2,2,6,2,2,0,2,3,6,0,4,8,10,2,1,2,2,2,3,4,2,0,2,0,0,4,2,0,2,0,5,2,2,9,2,2,0,12,5,0,2,0,4,7,9,6,9,11,0,2,3,0,13,2,0,5,0,2,4,4,2,3,3,3,4,2,6,1,0,3,6,2,2,0,2,4,2,4,2,2,8,11,0,5,5,5,7,0,4,2,2,3,3,0,9,2,0,0,0,7,2,776
scan1-73.png,1,2,7,13,6,7,13,17,10,13,5,9,6,10,6,6,9,4,3,0,2,23,8,5,7,4,4,8,2,40,4,5,0,2,1,2,4,0,4,2,2,2,2,4,6,6,0,3,2,4,4,2,2,9,4,0,4,8,6,0,3,2,2,0,3,4,4,1,2,0,2,5,0,6,3,2,2,0,12,0,0,2,7,7,7,0,2,1,2,11,1,6,0,2,2,10,2,7,4,7,4,0,2,6,2,4,2,2,4,5,2,2,0,2,5,6,0,2,6,10,1,1,3,0,2,5,4,2,2,4,4,2,5,4,1,3,4,5,2,1,9,2,2,0,12,5,3,3,0,4,7,9,6,9,11,2,2,3,0,13,2,2,5,0,4,5,4,3,3,3,3,7,0,10,1,2,3,6,2,4,0,0,5,0,5,4,6,8,11,2,5,5,5,7,2,6,0,2,3,3,0,9,2,0,0,0,7,2,867
scan1-74.png,1,6,7,14,6,7,19,18,12,15,7,9,5,13,6,10,15,8,6,1,2,24,9,5,10,4,4,8,2,43,4,6,0,2,1,2,7,2,5,2,2,2,4,4,7,6,1,3,4,4,8,2,4,9,4,5,4,8,6,2,4,0,2,0,7,3,4,2,5,0,4,6,0,2,8,2,2,0,13,0,0,2,7,7,7,1,2,1,2,11,5,6,0,2,6,10,2,8,4,7,8,1,2,6,2,4,2,2,5,8,2,4,0,4,6,7,6,4,6,10,3,2,4,2,2,5,6,2,2,6,4,2,5,4,0,5,5,5,2,2,9,4,2,4,12,7,2,3,2,4,7,9,6,9,11,2,6,3,2,13,2,1,5,4,6,6,4,3,6,3,7,6,2,8,6,4,3,8,2,5,0,2,7,2,6,2,6,9,12,1,5,5,5,7,2,10,2,2,4,3,0,10,2,0,4,0,7,2,1051
scan1-75.png,1,2,7,12,5,5,13,15,10,13,5,8,4,9,5,5,9,5,3,0,2,23,7,5,7,4,4,8,2,39,4,5,0,2,1,2,4,0,4,2,2,0,2,4,6,4,0,3,2,4,4,2,2,9,4,0,2,8,6,0,3,0,2,0,3,4,2,1,2,0,2,5,0,2,3,4,2,0,12,0,0,2,7,7,7,0,0,2,2,11,0,6,0,2,2,10,2,7,2,7,0,0,1,6,2,4,2,2,4,3,2,2,0,2,5,6,0,0,6,10,1,1,3,0,2,4,2,2,2,4,2,2,4,4,0,1,2,5,2,1,9,2,4,0,12,5,2,2,0,2,7,9,6,9,11,2,2,3,0,13,2,2,5,0,0,2,4,1,3,3,2,6,0,10,1,0,3,6,2,3,0,0,5,0,3,2,6,8,11,0,5,5,5,7,0,4,0,2,3,3,0,9,2,0,0,0,7,2,792
scan1-76.png,1,2,7,9,5,5,14,15,10,12,4,8,4,9,5,4,9,4,3,1,2,23,5,3,7,3,3,7,2,37,4,4,2,0,1,2,4,0,0,2,2,0,2,0,6,2,0,3,2,2,4,2,2,9,4,0,2,8,2,0,1,0,2,0,3,0,2,2,2,2,2,5,2,0,2,0,2,0,12,0,0,2,7,7,7,0,0,0,2,11,0,6,0,2,0,10,2,7,0,7,0,0,1,6,2,2,2,2,2,4,2,2,0,2,3,6,0,0,8,10,0,1,2,0,2,2,0,2,0,2,0,0,4,2,0,1,0,5,2,1,9,2,2,0,12,5,0,1,0,2,7,9,6,9,11,0,2,3,0,13,2,0,5,0,0,2,4,0,3,3,3,4,0,6,1,0,3,6,0,1,0,2,4,2,2,2,0,8,11,0,5,5,5,7,0,4,1,2,3,3,0,9,2,0,0,0,7,2,704
scan1-77.png,1,2,7,9,5,5,13,15,10,12,4,8,5,9,6,4,10,4,4,1,2,23,5,3,7,3,3,7,2,37,4,4,2,0,1,2,4,0,0,2,2,0,2,0,6,2,0,3,2,2,4,2,2,9,4,0,2,8,2,2,1,0,2,0,3,0,2,1,2,2,2,5,2,0,2,0,2,2,12,0,0,2,7,7,7,0,0,1,2,11,2,6,0,4,0,10,2,7,0,7,1,0,1,6,2,2,2,2,2,3,2,2,0,2,3,6,0,0,6,10,0,3,2,0,2,2,0,2,0,2,0,0,4,2,0,1,0,5,2,1,9,2,2,0,12,5,0,1,0,2,7,9,6,9,11,2,2,3,0,13,2,0,5,0,0,2,4,0,3,3,3,4,0,6,1,0,3,6,0,1,0,0,4,0,2,2,0,8,11,2,5,5,5,7,2,4,0,2,3,3,0,9,2,0,0,2,7,2,718
scan1-78.png,1,6,49,11,5,6,18,17,11,14,6,8,4,12,6,8,15,8,6,1,2,24,7,3,10,4,4,7,2,41,4,5,0,0,59,2,5,1,2,2,2,0,4,0,95,2,1,41,18,2,8,2,4,74,4,0,4,113,2,2,2,0,118,0,20,0,2,2,5,0,4,51,0,0,3,0,2,0,85,0,0,2,150,38,86,1,0,1,2,104,2,86,0,2,2,97,131,125,0,33,2,1,1,112,2,3,37,2,3,6,2,4,0,4,6,51,0,2,6,96,2,2,3,2,2,2,0,87,0,4,0,0,119,2,0,5,1,5,2,2,18,4,2,4,129,7,0,1,2,4,84,63,47,44,46,0,6,100,2,159,2,0,83,4,4,4,4,0,6,29,6,6,2,6,6,2,107,8,0,0,96,2,4,2,4,2,0,110,40,0,49,46,114,43,0,10,2,2,9,64,0,127,2,0,4,0,72,2,4316
scan1-79.png,1,2,7,9,5,5,13,15,10,12,4,8,4,9,5,4,9,4,3,0,2,23,5,3,7,3,3,7,2,37,4,4,0,0,1,4,4,0,0,2,2,0,2,0,6,2,0,3,2,2,4,2,2,9,4,0,2,8,2,0,1,0,2,0,3,0,2,1,2,0,2,5,0,0,2,0,2,0,12,4,0,2,7,7,7,0,0,0,2,11,0,6,0,2,0,10,2,7,0,7,0,0,1,6,2,2,2,2,2,3,2,2,0,2,3,6,0,0,6,10,0,1,2,0,2,2,0,2,0,2,0,0,4,2,0,1,0,5,4,1,9,2,2,0,12,5,0,0,0,2,7,9,6,9,11,0,2,3,0,13,2,0,5,0,2,2,6,0,3,3,2,4,2,6,1,0,3,6,0,0,0,0,4,0,3,2,0,8,11,0,5,5,5,7,0,4,0,2,3,3,0,9,2,0,0,0,7,2,699
scan1-80.png,1,2,7,11,5,6,14,16,10,13,4,8,4,10,5,4,9,4,3,0,3,24,7,5,7,4,4,8,2,39,4,4,0,0,1,2,7,0,0,2,2,0,2,1,6,2,0,3,2,4,6,2,2,9,4,0,2,8,6,0,1,0,2,2,3,0,2,1,2,0,2,5,0,0,2,0,2,0,12,0,7,2,7,7,7,0,0,0,4,11,1,6,0,2,0,10,2,7,2,7,0,0,1,6,2,4,2,2,4,6,2,2,2,2,3,6,0,0,6,10,2,1,2,2,2,2,0,2,2,2,0,0,4,2,0,1,4,5,2,2,9,2,2,0,12,5,0,0,0,2,7,9,6,9,11,0,2,3,0,13,2,2,5,0,0,4,4,2,3,3,3,5,0,6,1,0,3,6,0,2,0,0,4,0,4,4,6,8,11,1,5,5,5,7,1,6,0,2,3,3,0,9,2,0,0,0,7,2,772
scan1-81.png,1,2,7,9,5,6,14,15,10,12,4,8,4,10,5,4,9,4,3,0,2,24,7,4,7,3,3,7,2,38,4,4,2,0,1,2,4,0,0,2,2,0,2,1,6,2,0,3,2,4,6,2,2,9,4,0,2,8,2,0,1,0,2,2,3,0,2,1,2,2,2,5,2,0,2,0,2,0,12,0,2,4,7,7,7,0,0,0,2,11,1,6,0,2,0,10,2,7,2,7,0,0,1,6,2,4,2,2,2,6,2,2,0,2,3,6,0,0,8,10,2,1,2,2,2,2,0,2,2,2,0,0,4,2,0,2,2,5,2,2,9,2,2,0,12,5,0,0,0,2,7,9,6,9,11,0,2,3,0,13,2,0,5,0,0,4,4,2,3,3,3,5,0,6,1,0,3,6,0,1,0,2,4,0,4,2,4,8,11,0,5,5,5,7,0,6,0,2,3,3,0,9,2,0,0,0,7,2,746
scan1-82.png,1,4,49,10,5,5,15,15,10,12,6,8,4,10,5,6,12,5,4,1,2,23,6,3,8,3,3,7,2,40,4,5,0,0,59,2,5,0,2,2,2,0,2,0,94,2,1,41,18,2,4,2,2,74,4,0,2,113,2,2,2,0,118,0,18,0,2,2,5,0,2,50,0,0,2,0,2,0,84,0,0,2,151,38,86,1,0,0,2,104,0,86,0,2,0,97,131,124,0,33,2,1,1,112,2,2,37,2,2,4,2,2,0,4,4,50,0,0,6,96,2,2,2,0,2,2,0,87,0,2,0,0,118,2,0,5,1,5,2,2,18,4,2,2,129,5,0,1,2,2,84,63,47,44,46,0,4,100,0,159,2,0,83,0,4,2,4,0,3,29,4,5,0,6,4,2,107,6,0,0,96,2,4,0,2,2,0,109,39,0,49,46,114,43,0,6,0,2,9,64,0,126,2,0,0,0,72,2,4198
scan1-83.png,1,2,49,9,5,5,13,15,10,12,4,8,4,9,5,4,9,4,3,0,2,23,5,3,7,3,3,7,2,37,4,4,0,0,59,2,4,0,0,2,2,0,2,0,94,2,0,44,19,2,4,2,2,76,4,0,2,113,2,0,1,0,118,0,16,0,2,1,2,0,2,50,0,0,2,0,2,0,84,0,0,2,150,42,86,0,0,0,2,105,0,86,0,2,0,97,131,124,0,35,0,0,1,112,2,2,38,2,2,3,2,2,0,2,3,51,0,0,6,97,0,1,2,0,2,2,0,87,0,2,0,0,118,2,0,1,0,5,2,1,19,2,2,0,129,5,0,0,0,2,85,63,47,44,47,0,2,100,0,159,2,0,83,0,0,2,4,0,3,29,2,4,0,6,1,0,107,6,0,0,96,0,4,0,2,2,0,109,40,0,50,47,114,45,0,4,0,2,8,65,0,127,2,0,0,0,72,2,4145
scan1-84.png,1,2,49,9,5,5,13,15,10,12,4,8,4,9,5,4,9,4,3,0,2,23,5,3,7,3,3,7,2,37,4,4,0,0,59,2,4,0,0,2,2,0,2,0,94,2,0,41,16,2,4,2,2,74,4,0,2,113,2,0,1,0,118,0,16,0,2,1,2,0,2,50,0,0,2,0,2,0,84,0,0,2,150,38,86,0,0,0,2,104,0,86,0,2,0,97,131,124,0,33,0,0,1,112,2,2,37,2,2,3,2,2,0,2,3,50,0,0,6,96,0,1,2,0,2,2,0,87,0,2,0,0,118,2,0,1,0,5,2,1,18,2,2,0,129,5,0,0,0,2,84,63,47,44,46,0,2,100,0,159,2,0,83,0,0,2,4,0,3,29,2,4,0,6,1,0,107,6,0,0,96,0,4,0,2,2,0,109,39,0,49,46,114,43,0,4,0,2,8,64,0,126,2,0,0,0,72,2,4117
scan1-85.png,1,6,7,10,5,5,16,16,10,13,6,8,4,10,6,7,13,7,5,1,2,23,6,3,9,3,3,7,2,40,4,5,0,0,1,4,6,0,2,2,2,0,3,0,7,2,1,3,4,2,4,2,2,9,4,0,2,8,2,2,2,0,2,0,7,0,2,2,5,0,2,6,0,0,3,0,2,0,13,0,0,2,7,7,7,4,0,1,2,11,0,6,0,2,2,10,2,8,0,7,2,1,1,6,2,2,2,2,3,3,2,2,0,4,4,7,0,0,6,10,2,2,2,0,2,2,0,2,0,4,0,0,4,2,2,7,1,5,2,2,9,4,2,4,12,5,0,1,2,2,7,9,6,9,11,0,4,3,0,13,2,0,5,0,6,2,4,0,6,3,4,5,0,6,4,2,3,6,0,0,0,2,4,0,4,4,0,9,12,0,5,5,5,7,0,6,0,2,4,3,0,10,2,0,0,0,7,2,814
scan1-86.png,1,3,7,11,6,7,15,17,11,14,4,9,6,11,6,6,11,7,4,0,2,24,9,5,9,4,4,8,2,40,4,4,0,4,1,2,4,2,4,2,2,2,3,3,6,6,0,3,2,4,6,2,4,9,4,0,4,8,6,0,1,0,2,0,3,2,4,1,2,1,4,5,1,1,4,0,2,0,12,0,0,2,7,7,7,0,4,2,2,11,3,6,2,2,2,10,2,7,4,7,4,0,2,6,2,4,2,2,2,9,2,4,0,2,6,6,0,4,6,10,1,1,3,2,2,5,0,2,2,4,2,2,5,4,0,1,4,5,2,3,9,2,2,2,12,7,0,3,0,8,7,9,6,9,11,0,4,3,2,13,2,2,5,4,2,6,4,1,3,3,4,7,0,10,4,2,3,8,0,3,0,2,4,0,5,2,5,8,11,2,5,5,5,7,2,8,2,2,3,3,0,9,2,2,4,0,7,2,907
scan1-87.png,1,4,7,13,6,5,17,16,11,13,7,9,6,10,6,9,13,8,6,2,2,24,8,4,8,7,7,7,2,41,4,6,2,4,1,4,5,2,4,2,2,0,2,2,6,8,1,3,4,2,6,2,2,9,4,2,2,8,4,4,4,2,2,2,7,4,4,2,6,2,6,5,2,2,2,4,2,2,12,0,0,2,7,7,7,1,2,6,2,11,2,6,0,4,4,10,2,7,0,7,4,1,2,6,2,2,2,2,5,6,2,2,2,4,8,6,0,2,8,10,3,2,3,0,2,6,6,2,0,4,4,0,4,2,0,6,5,5,2,4,9,4,4,4,12,7,2,5,4,6,7,9,6,9,11,2,4,3,0,13,2,4,5,0,6,4,4,3,3,3,5,7,0,8,6,2,3,6,2,4,0,0,4,2,5,4,5,8,11,2,5,5,5,7,2,6,0,2,4,3,0,9,2,4,0,2,7,2,984
scan1-88.png,1,5,7,12,6,7,16,17,11,14,4,8,4,12,6,7,13,6,4,0,4,24,7,4,9,4,4,7,2,38,4,4,0,0,1,2,8,0,0,2,2,2,3,2,7,2,0,3,2,2,6,2,4,9,4,2,4,8,2,0,1,0,2,0,3,0,2,1,3,0,4,6,0,0,3,0,2,0,13,0,2,2,7,7,7,1,2,0,6,11,2,6,0,2,4,10,2,8,2,7,0,0,1,6,2,4,2,2,2,6,2,4,0,4,6,7,0,2,6,10,2,1,3,2,2,2,0,2,0,4,0,0,5,2,0,1,1,5,2,1,9,2,2,2,12,7,0,1,0,4,7,9,6,9,11,0,4,3,2,13,2,0,5,4,0,4,4,0,6,3,4,6,0,6,4,4,3,8,0,1,0,2,4,0,2,2,2,9,12,0,5,5,5,7,0,8,0,2,3,3,0,10,2,0,4,0,7,2,841
scan1-89.png,1,2,49,9,5,5,13,15,10,12,4,8,4,9,5,4,9,4,3,0,2,23,5,3,7,3,3,7,2,37,4,4,0,0,59,2,4,0,0,2,2,0,2,0,94,2,0,43,17,2,4,2,2,75,4,0,2,113,2,0,1,0,118,0,16,0,2,1,2,0,2,50,0,0,2,0,2,0,84,0,0,2,150,39,86,0,0,0,2,105,0,86,0,2,0,97,131,124,0,34,0,0,1,112,2,2,38,2,2,3,2,2,0,2,3,51,0,0,6,97,0,1,2,0,2,2,0,87,0,2,0,0,118,2,0,1,0,5,2,1,19,2,2,0,129,5,0,0,0,2,84,63,47,44,47,0,2,100,0,159,2,0,83,0,0,2,4,0,3,29,2,4,0,6,1,0,107,6,0,0,96,0,4,0,2,2,0,109,39,0,50,46,114,43,0,4,0,2,8,65,0,127,2,0,0,0,72,2,4132
scan1-90.png,1,4,7,11,7,7,18,17,12,15,5,9,6,12,8,8,14,6,6,0,2,25,7,4,9,4,4,7,2,41,4,4,2,2,1,4,4,2,2,4,2,2,3,0,7,6,0,3,2,2,6,2,4,9,4,5,4,8,3,2,1,2,2,2,3,1,4,1,3,0,6,6,2,2,6,0,2,2,13,0,2,2,7,7,7,0,2,1,2,11,6,6,0,4,6,10,2,8,2,7,3,0,2,6,2,3,2,2,2,6,2,4,2,6,5,7,4,4,6,10,2,3,3,2,2,5,4,2,0,6,2,0,5,2,0,3,2,5,4,4,9,2,2,4,12,7,2,1,2,6,7,9,6,9,11,2,4,3,2,13,2,3,5,4,2,6,4,6,6,3,5,5,0,6,4,4,3,8,3,3,0,0,4,0,6,3,5,9,12,2,5,5,5,7,2,8,0,2,3,3,0,10,2,2,4,2,7,2,969
scan1-91.png,1,2,49,9,5,5,13,15,10,12,4,8,4,9,5,4,9,4,3,0,2,23,5,3,7,3,3,7,2,37,4,4,0,0,59,2,4,0,0,2,2,0,2,0,94,2,0,41,17,2,4,2,2,75,4,0,2,113,2,0,1,0,118,0,16,0,2,1,2,0,2,50,0,0,2,0,2,0,84,0,0,2,150,38,86,0,0,0,2,104,0,87,0,2,0,97,131,124,0,33,0,0,1,112,2,2,37,2,2,3,2,2,0,2,3,50,0,0,6,97,0,1,2,0,2,2,0,87,0,2,0,0,118,2,0,1,0,5,2,1,18,2,2,0,129,5,0,0,0,2,84,63,47,44,47,0,2,100,0,159,2,0,83,0,0,2,4,0,3,29,2,4,0,6,1,0,107,6,0,0,96,0,4,0,2,2,0,109,39,0,49,46,114,43,0,4,0,2,8,65,0,126,2,0,0,0,72,2,4123
scan1-92.png,1,2,7,9,5,5,13,15,10,12,4,8,6,9,5,4,9,4,3,0,2,23,5,3,7,3,3,7,2,38,4,4,0,2,1,2,4,0,0,2,2,0,2,0,6,2,0,3,2,2,4,2,2,9,6,0,2,8,2,0,1,0,2,0,3,0,2,1,2,0,2,5,0,0,2,0,2,0,12,0,0,2,7,7,7,0,2,0,2,11,0,6,6,2,0,10,2,7,0,7,0,0,1,6,2,2,2,2,2,3,2,2,0,4,3,6,0,0,6,10,0,1,2,0,2,2,0,2,0,2,0,0,4,2,0,1,0,5,2,3,9,2,2,0,12,5,0,1,0,4,7,9,6,9,11,0,2,3,0,13,2,0,5,0,0,2,4,2,3,3,2,4,0,6,1,0,3,6,0,0,0,0,4,0,3,2,0,8,11,1,5,5,5,7,2,4,0,2,3,3,0,9,2,2,0,0,7,2,714
scan1-93.png,1,6,7,11,7,5,19,16,11,13,7,9,5,10,8,9,15,7,7,1,2,24,6,3,9,3,3,7,2,41,4,5,2,2,1,2,5,0,2,2,2,0,3,0,7,4,1,3,4,2,4,2,4,9,4,0,4,8,2,4,2,2,2,0,7,0,4,2,5,0,2,6,2,0,3,0,2,1,13,0,0,2,7,7,7,1,0,2,2,11,4,6,0,4,2,10,2,8,0,7,4,1,2,6,2,2,2,2,3,3,2,4,0,6,4,7,0,4,6,10,3,4,3,0,2,4,4,2,0,6,2,0,4,2,0,5,3,5,2,2,9,4,2,4,12,5,0,2,2,4,7,9,6,9,11,2,4,3,0,13,2,0,5,0,6,4,4,3,6,3,7,5,0,6,5,2,3,6,2,2,0,2,4,0,4,2,0,9,12,2,5,5,5,7,2,6,2,2,4,3,0,10,2,0,0,2,7,2,901
scan1-94.png,1,6,7,13,6,7,20,17,12,15,7,9,5,13,6,10,15,8,5,1,2,24,9,5,10,4,4,8,2,43,4,6,0,2,1,4,5,2,4,2,2,2,3,4,7,6,1,3,4,4,4,2,4,9,6,4,4,8,4,2,3,0,2,0,5,2,4,2,6,0,6,6,0,2,6,2,2,0,13,0,0,2,7,7,7,1,2,2,2,11,4,6,0,2,8,10,2,8,4,7,4,1,1,6,2,4,2,2,4,6,2,4,0,4,6,7,2,4,6,10,2,2,3,2,2,3,2,2,2,6,4,2,5,4,0,5,5,5,2,2,9,4,2,6,12,7,0,2,2,4,7,9,6,9,11,0,6,3,2,13,2,0,5,4,6,6,4,3,6,3,6,6,0,8,8,4,3,8,2,4,0,2,5,0,5,2,6,9,12,0,5,5,5,7,0,10,0,2,4,3,0,10,2,0,4,0,7,2,1005
scan1-95.png,1,6,49,11,5,6,18,17,11,14,6,8,4,12,6,8,15,8,6,1,2,24,7,3,10,4,4,7,2,41,4,5,0,0,59,2,5,0,2,2,2,0,4,0,95,2,1,42,19,2,8,2,4,75,4,0,4,114,2,2,2,0,118,0,20,0,2,2,5,0,4,51,0,0,3,0,2,0,85,0,0,2,150,38,86,1,0,1,2,104,2,86,0,2,2,99,131,126,0,34,2,1,1,112,2,3,37,2,3,6,2,4,0,4,6,51,0,2,6,97,2,2,3,0,2,2,0,87,0,4,0,0,119,2,0,5,1,5,2,2,19,4,2,4,129,7,0,1,2,4,84,63,47,44,47,0,6,100,2,159,2,0,83,4,4,4,4,0,6,29,6,6,2,6,6,2,107,8,0,0,96,2,4,2,4,2,0,110,41,0,49,46,114,43,0,10,2,2,9,65,0,127,2,0,4,0,72,2,4326
scan1-96.png,1,2,49,9,5,5,13,15,10,12,4,8,4,9,5,4,9,4,3,0,2,23,5,3,7,3,3,7,2,37,4,4,0,0,59,2,4,0,0,2,2,0,2,0,94,2,0,41,16,2,4,2,2,74,4,0,2,113,2,0,1,0,118,0,16,0,2,1,2,0,2,50,0,0,2,0,2,0,84,0,0,2,150,38,86,0,0,0,2,104,0,86,0,2,0,97,131,124,0,33,0,0,1,112,2,2,37,2,2,3,2,2,0,2,3,50,0,0,6,96,0,1,2,0,2,2,0,87,0,2,0,0,118,2,0,1,0,5,2,1,18,2,2,0,129,5,0,0,0,2,84,63,47,44,46,0,2,100,0,159,2,0,83,0,0,2,4,0,3,29,2,4,0,6,1,0,107,6,0,0,96,0,4,0,2,2,0,109,39,0,49,46,114,43,0,4,0,2,8,64,0,126,2,0,0,0,72,2,4117
scan1-97.png,1,6,49,10,5,5,18,16,11,13,6,8,4,10,6,8,14,6,5,1,2,23,6,3,10,4,4,7,2,41,4,5,0,0,59,2,5,1,2,2,2,0,3,0,95,2,1,41,17,2,6,2,4,75,4,0,2,114,2,2,1,0,118,0,18,0,2,2,5,0,4,51,0,0,3,0,2,0,85,0,0,2,150,38,86,1,0,0,2,104,2,86,0,2,2,98,131,126,0,33,2,0,1,112,2,2,37,2,2,4,2,4,0,4,6,51,0,2,6,96,2,2,3,2,2,2,0,87,0,4,0,0,119,2,0,5,0,5,2,1,18,4,2,4,129,7,0,1,2,4,84,63,47,44,47,0,6,100,2,159,2,0,83,2,4,2,4,0,6,29,6,6,0,6,6,2,107,8,0,0,96,0,4,0,2,2,0,110,41,0,49,46,114,43,0,8,0,2,9,65,0,127,2,0,2,0,72,2,4276
scan1-98.png,1,2,7,13,6,7,14,16,11,14,5,9,5,11,6,5,11,6,4,0,2,25,9,5,9,4,4,8,2,40,4,5,0,2,1,2,4,2,3,2,2,2,2,4,6,6,0,3,2,4,6,2,4,9,4,0,4,8,6,0,3,0,2,2,3,4,4,1,2,0,4,5,0,2,4,2,2,0,12,0,2,2,7,7,7,0,2,0,2,11,2,6,0,2,2,10,2,7,4,7,4,0,2,6,2,4,2,2,4,6,2,4,1,2,7,6,0,2,6,10,2,1,4,2,2,5,4,2,2,4,4,2,5,4,0,1,4,5,2,2,9,2,2,2,12,7,2,2,0,4,7,9,6,9,11,0,4,3,2,13,2,2,5,4,2,6,4,2,3,3,3,6,0,8,3,2,3,8,2,4,0,2,5,0,6,2,8,8,11,0,5,5,5,7,0,8,0,2,3,3,0,9,2,0,4,0,7,2,904
scan1-99.png,1,2,49,9,5,5,13,15,10,12,4,8,4,9,5,4,9,4,3,0,2,23,5,3,7,3,3,7,2,37,4,4,0,0,59,2,4,0,0,2,2,0,2,0,94,2,0,44,17,2,4,2,2,75,4,0,2,113,2,0,1,0,118,0,16,0,2,1,2,0,2,50,0,0,2,0,2,0,84,0,0,2,150,40,86,0,0,0,2,105,0,86,0,2,0,98,131,124,0,35,0,0,1,112,2,2,37,2,2,3,2,2,0,2,3,51,0,0,6,97,0,1,2,0,2,2,0,87,0,2,0,0,118,2,0,1,0,5,2,1,19,2,2,0,129,5,0,0,0,2,84,63,47,44,47,0,2,100,0,159,2,0,83,0,0,2,4,0,3,29,2,4,0,6,1,0,107,6,0,0,96,0,4,0,2,2,0,109,39,0,50,46,114,43,0,4,0,2,8,65,0,126,2,0,0,0,72,2,4134
scan1-100.png,1,6,7,13,6,7,19,19,12,15,7,9,6,13,7,9,14,7,5,2,2,25,9,5,9,4,4,8,2,43,4,6,2,2,1,2,7,2,5,2,2,2,2,4,7,8,1,3,4,4,6,2,2,9,4,3,4,8,6,4,2,2,2,0,7,2,4,2,5,2,6,6,2,2,6,0,2,1,13,0,0,2,7,7,7,1,2,2,2,11,3,6,0,4,4,10,2,8,4,7,8,1,2,6,2,4,2,2,5,9,2,2,0,4,6,7,4,4,8,10,3,4,3,2,2,6,6,2,2,6,3,2,5,4,0,5,5,5,2,2,9,4,2,5,12,7,1,3,2,6,7,9,6,9,11,2,4,3,2,13,2,1,5,2,6,6,4,3,6,3,6,6,0,8,4,4,3,8,2,3,0,2,6,0,6,2,6,9,12,1,5,5,5,7,1,10,0,2,4,3,0,10,2,0,2,1,7,2,1033
scan1-101.png,1,4,7,10,6,5,16,15,10,12,6,8,4,10,5,7,12,6,4,1,2,23,6,3,8,3,3,7,2,40,4,5,0,0,1,2,6,0,2,2,2,0,2,0,6,2,1,3,4,2,4,2,2,9,4,2,2,8,2,2,2,0,2,0,7,0,2,2,5,0,2,5,0,0,2,0,2,0,12,0,0,2,7,7,7,1,0,1,2,11,0,6,0,2,2,10,2,7,0,7,2,5,1,6,2,2,2,2,3,3,2,2,0,4,4,6,0,0,6,10,2,2,2,0,2,2,0,2,0,4,0,0,4,2,0,5,1,5,2,2,9,4,2,2,12,5,0,1,2,2,7,9,6,9,11,0,4,3,0,13,2,0,5,0,4,2,4,0,6,3,4,5,0,6,4,2,3,6,0,0,0,0,4,0,4,2,0,8,11,0,5,5,5,7,0,6,0,2,4,3,0,9,2,0,0,0,7,2,785
scan1-102.png,1,4,7,13,6,7,17,17,11,14,5,9,6,11,7,7,13,6,6,1,2,25,9,5,9,4,4,8,2,41,4,5,2,2,1,2,4,2,2,2,2,2,3,4,7,6,0,3,2,4,8,2,4,9,4,0,4,8,4,2,1,2,2,0,3,2,4,1,2,2,4,6,2,2,4,0,2,0,13,0,2,2,7,7,7,0,2,1,2,11,4,6,0,4,2,10,2,8,4,7,4,0,3,6,2,3,2,2,4,9,2,4,0,2,5,7,0,4,8,10,2,3,3,2,2,3,6,2,2,6,2,0,5,4,0,2,2,5,2,2,9,2,2,2,12,7,0,2,0,6,7,9,6,9,11,2,4,3,2,13,2,2,5,4,2,6,4,2,5,3,5,5,2,6,3,2,3,8,2,3,0,2,5,2,6,2,8,9,12,2,5,5,5,7,2,8,2,2,3,3,0,10,2,0,4,2,7,2,951
scan1-103.png,1,2,49,9,5,5,13,15,10,12,4,8,4,9,5,4,9,4,3,0,2,23,5,3,7,3,3,7,2,37,4,4,0,0,59,2,4,0,0,2,2,0,2,0,94,2,0,41,16,2,4,2,2,74,4,0,2,113,2,0,1,0,118,0,16,0,2,1,2,0,2,50,0,0,2,0,2,0,84,0,0,2,150,38,86,0,0,0,2,104,0,86,0,2,0,97,131,124,0,33,0,0,1,112,2,2,37,2,2,3,2,2,0,2,3,50,0,0,6,96,0,1,2,0,2,2,0,87,0,2,0,0,118,2,0,1,0,5,2,1,18,2,2,0,129,5,0,0,0,2,84,63,47,44,46,0,2,100,0,159,2,0,83,0,0,2,4,0,3,29,2,4,0,6,1,0,107,6,0,0,96,0,4,0,2,2,0,109,39,0,49,46,114,43,0,4,0,2,8,64,0,126,2,0,0,0,72,2,4117
scan1-104.png,1,6,7,9,5,5,18,16,11,14,5,8,4,11,6,6,13,6,5,1,2,23,5,3,9,4,4,7,2,41,4,4,2,0,1,2,4,2,0,2,2,2,3,0,7,2,0,3,2,2,6,2,4,9,4,0,4,8,2,2,1,0,2,0,5,0,2,2,3,2,4,6,2,0,3,0,2,0,13,0,0,2,7,7,7,1,2,0,2,11,2,6,0,2,2,10,2,8,0,7,0,0,1,6,2,2,2,2,2,7,2,4,0,2,5,7,0,2,8,10,0,1,3,2,2,2,0,2,0,4,0,0,5,2,0,3,0,5,2,1,9,2,2,2,12,7,0,0,0,4,7,9,6,9,11,0,4,3,2,13,2,0,5,4,0,4,4,0,6,3,5,5,2,6,3,2,3,8,0,1,0,2,4,2,2,2,0,9,12,0,5,5,5,7,0,8,2,2,4,3,0,10,2,0,4,0,7,2,828
scan1-105.png,1,6,7,12,7,7,18,17,11,16,6,9,5,12,6,10,15,8,5,1,2,25,9,5,10,3,3,8,2,43,4,5,0,2,1,2,5,2,4,2,2,2,3,2,7,4,1,3,4,4,6,2,4,9,4,0,4,8,4,2,4,0,2,2,7,2,4,2,5,0,4,6,0,2,4,2,2,0,13,0,2,2,7,7,7,1,2,1,2,11,2,6,0,2,4,10,2,8,4,7,4,1,1,6,2,4,2,2,5,6,2,4,0,4,6,7,0,4,6,10,2,2,3,2,2,4,2,2,2,6,4,2,5,4,0,5,5,5,2,3,9,4,2,4,12,7,0,2,2,4,7,9,6,9,11,0,6,3,2,13,2,0,5,4,6,6,4,2,6,3,6,6,0,8,6,4,3,8,2,4,0,2,5,0,8,2,8,9,12,0,5,5,5,7,0,10,0,2,4,3,0,10,2,0,4,0,7,2,985
scan1-106.png,1,2,49,9,5,5,13,15,10,12,4,8,4,9,5,4,9,4,3,0,2,23,5,3,7,3,3,7,2,37,4,4,0,0,59,2,4,0,0,2,2,0,2,0,94,2,0,43,18,2,4,2,2,75,4,0,2,113,2,0,1,0,118,0,16,0,2,1,2,0,2,50,0,0,2,0,2,0,84,0,0,2,150,39,86,0,0,0,2,105,0,86,0,2,0,97,131,124,0,33,0,0,1,112,2,2,38,2,2,3,2,2,0,2,3,51,0,0,6,97,0,1,2,0,2,2,0,87,0,2,0,0,118,2,0,1,0,5,2,1,19,2,2,0,129,5,0,0,0,2,84,63,47,44,47,0,2,100,0,159,2,0,83,0,0,2,4,0,3,29,2,4,0,6,1,0,107,6,0,0,96,0,4,0,2,2,0,109,39,0,50,46,114,43,0,4,0,2,8,64,0,127,2,0,0,0,72,2,4131
scan1-107.png,1,4,7,10,6,7,17,17,11,14,4,8,5,11,6,6,12,6,5,0,2,24,6,4,9,4,4,7,2,39,4,4,0,0,1,2,4,2,0,2,2,2,3,2,7,4,0,3,2,2,8,2,4,9,4,0,4,8,2,0,1,0,2,0,3,0,4,1,2,1,4,6,2,0,3,0,2,0,13,0,2,2,7,7,7,0,2,0,2,11,2,6,0,2,4,10,2,8,2,7,4,0,1,6,2,3,2,2,2,9,2,4,0,2,5,7,0,4,8,10,2,1,3,2,2,2,0,2,0,4,0,0,5,2,0,1,0,5,2,1,9,2,2,2,12,7,0,1,0,6,7,9,6,9,11,0,4,3,2,13,2,0,5,4,0,6,4,1,6,3,5,5,2,6,3,2,3,8,0,3,0,2,4,2,4,2,2,9,12,0,5,5,5,7,0,8,2,2,3,3,0,10,2,0,4,0,7,2,853
scan1-108.png,1,6,7,14,6,7,19,18,11,16,7,9,6,12,6,9,15,10,6,1,2,24,9,5,10,6,6,8,2,43,4,6,0,2,1,2,5,2,6,2,2,2,3,4,7,6,1,3,4,4,8,2,4,9,4,0,4,8,6,2,4,2,2,2,7,4,4,2,5,0,4,6,0,2,4,2,2,0,13,0,2,2,7,7,7,1,2,3,2,11,2,6,0,2,4,10,2,8,4,7,6,1,2,6,2,4,2,2,5,9,2,4,2,4,10,7,0,4,6,10,4,2,4,2,2,5,4,2,2,6,4,2,5,4,0,6,7,5,2,3,9,4,2,4,12,9,2,4,4,6,7,9,6,9,11,2,6,3,2,13,2,4,5,4,6,6,4,4,6,3,7,8,2,10,6,4,3,8,2,4,0,2,5,0,7,4,8,9,12,2,5,5,5,7,2,10,2,2,4,3,0,10,2,2,4,2,7,2,1071
scan1-109.png,1,4,7,11,6,7,17,17,11,16,5,9,6,11,6,8,14,6,6,1,2,25,9,5,9,5,5,8,2,41,4,5,2,2,1,2,4,2,2,2,2,2,3,4,7,6,0,3,2,4,8,2,4,9,4,0,4,8,6,0,2,2,2,2,3,2,4,1,2,2,4,6,2,2,4,0,2,0,13,0,2,2,7,7,7,0,2,1,2,11,2,6,0,2,4,10,2,8,4,7,4,0,2,6,2,4,2,2,4,9,2,4,0,2,5,7,0,4,8,10,2,1,3,2,2,3,4,2,2,6,2,2,5,4,0,1,6,5,2,2,9,2,2,2,12,7,0,2,0,6,7,9,6,9,11,0,4,3,2,13,2,0,5,4,2,6,4,2,6,3,5,5,2,8,3,2,3,8,2,3,0,2,5,2,6,4,8,9,12,0,5,5,5,7,0,8,2,2,3,3,0,10,2,0,4,0,7,2,951
scan1-110.png,1,6,7,10,5,5,18,16,10,13,6,8,4,10,6,8,14,7,5,1,2,23,6,3,10,4,4,7,2,40,4,5,1,0,1,2,5,1,2,2,2,0,3,0,7,2,1,3,4,2,6,2,4,9,4,0,2,8,2,2,2,0,2,0,5,0,2,2,5,2,4,6,0,0,3,0,2,0,13,0,0,2,7,7,7,1,0,1,2,11,2,6,0,2,2,10,2,8,0,7,2,1,1,6,2,2,2,2,2,7,2,4,0,4,6,7,0,2,8,10,2,2,3,2,2,2,0,2,0,4,0,0,5,2,0,5,1,5,2,2,9,4,2,4,12,6,0,2,2,2,7,9,6,9,11,0,6,3,1,13,2,0,5,2,4,2,4,0,6,3,7,6,2,6,6,2,3,8,0,0,0,2,4,2,3,2,0,9,12,0,5,5,5,7,0,8,2,2,4,3,0,10,2,0,2,0,7,2,856
scan1-111.png,1,4,7,10,6,7,17,17,11,14,4,9,6,11,6,6,13,6,6,0,2,24,6,4,9,4,4,7,2,40,4,4,2,0,1,2,4,2,2,2,2,2,3,2,7,4,0,3,2,2,8,2,4,9,4,0,4,8,2,0,1,2,2,0,3,0,4,1,2,2,4,6,2,0,4,0,2,0,13,0,2,2,7,7,7,0,2,1,2,11,2,6,0,2,4,10,2,8,2,7,4,0,2,6,2,3,2,2,2,9,2,4,0,2,5,7,0,4,8,10,2,1,3,2,2,2,0,2,0,4,0,1,5,2,0,1,1,5,2,2,9,2,2,2,12,7,0,2,0,6,7,9,6,9,11,0,4,3,2,13,2,0,5,4,1,6,4,2,6,3,5,5,2,6,3,2,3,8,0,3,0,2,4,2,4,2,3,9,12,0,5,5,5,7,0,8,2,2,3,3,0,10,2,0,4,0,7,2,875
scan1-112.png,1,2,7,10,5,6,13,15,10,13,4,8,4,9,5,4,9,5,3,0,2,23,6,4,7,5,5,8,2,38,4,4,0,0,1,2,4,0,1,2,2,0,2,1,6,2,0,3,2,4,6,2,2,9,4,0,2,8,4,0,2,0,2,2,3,1,2,1,2,0,2,5,0,0,2,0,2,0,12,0,2,2,7,7,7,0,0,2,2,11,1,6,0,2,0,10,2,7,1,7,0,0,1,6,2,2,2,2,4,3,2,2,4,2,7,6,0,0,6,10,2,1,2,0,2,2,0,2,2,2,2,0,4,2,0,2,2,5,2,2,9,2,2,0,12,7,2,0,2,2,7,9,6,9,11,0,2,3,0,13,2,2,5,0,0,4,4,2,3,3,3,5,0,6,1,0,3,6,0,1,0,0,5,0,4,4,4,8,11,2,5,5,5,7,2,4,0,2,3,3,0,9,3,2,0,0,7,2,765
scan1-113.png,1,8,7,11,6,5,18,16,10,13,6,8,6,11,6,9,14,7,5,1,2,24,6,3,10,4,4,7,2,40,4,5,0,0,1,4,5,0,2,4,2,0,3,0,7,2,1,3,4,2,6,2,4,9,6,2,2,8,2,4,2,0,2,0,7,0,2,2,6,0,4,6,0,0,3,0,2,0,13,0,0,2,7,7,7,1,0,1,2,11,6,6,2,4,2,10,2,8,0,7,2,1,1,6,2,2,2,2,3,4,2,4,0,8,6,7,0,2,6,10,2,4,3,2,2,3,2,2,0,4,0,0,4,2,0,5,1,5,4,6,9,4,2,4,12,5,0,2,2,2,7,9,6,9,11,2,6,3,0,13,2,2,5,2,4,2,4,2,6,3,6,6,0,6,6,4,3,9,0,0,0,2,4,0,4,2,0,9,12,2,5,5,5,7,2,8,0,2,4,3,2,10,2,2,2,2,7,2,903
scan1-114.png,1,6,7,13,6,7,19,18,11,16,6,8,6,12,6,8,15,10,5,1,2,24,9,4,10,6,6,8,2,43,4,6,0,0,1,2,5,2,6,2,2,2,3,3,7,4,1,3,4,4,6,2,4,9,4,0,4,8,6,2,4,0,2,0,7,2,4,2,5,0,4,6,0,2,4,2,2,0,13,0,0,2,7,7,7,1,3,3,2,11,2,6,0,2,4,10,2,8,4,7,4,1,1,6,2,3,2,2,5,8,2,4,2,4,10,7,0,4,6,10,2,2,4,2,2,4,2,2,2,4,2,1,5,2,0,7,4,5,2,2,9,4,2,4,12,9,4,3,4,5,7,9,6,9,11,0,6,3,2,13,2,2,5,4,5,6,4,1,6,3,6,8,2,8,6,4,3,8,0,4,0,2,5,0,7,4,5,9,12,2,5,5,5,7,2,10,2,2,4,3,0,10,2,2,4,0,7,2,1013
scan1-115.png,1,6,49,10,5,5,18,16,11,13,6,8,4,10,6,8,14,6,5,1,2,23,6,3,10,4,4,7,2,41,4,5,0,0,59,2,5,1,2,2,2,0,3,0,95,2,1,43,18,2,6,2,4,75,4,0,2,113,2,2,1,0,118,0,18,0,2,2,5,0,4,51,0,0,3,0,2,0,85,0,0,2,150,39,86,1,0,0,2,105,2,86,0,2,2,97,131,125,0,34,2,0,1,112,2,2,38,2,2,4,2,4,0,4,6,52,0,2,6,97,2,2,3,2,2,2,0,87,0,4,0,0,119,2,0,5,0,5,2,1,19,4,2,4,129,7,0,1,2,4,84,63,47,44,47,0,6,100,2,159,2,0,83,2,4,2,4,0,6,29,6,6,0,6,6,2,107,8,0,0,96,0,4,0,2,2,0,110,40,0,50,46,114,43,0,8,0,2,9,64,0,128,2,0,2,0,72,2,4283
scan1-116.png,1,2,7,10,5,5,14,16,11,12,4,8,4,10,5,4,9,4,3,0,2,23,5,3,7,3,3,7,2,37,4,4,0,0,1,4,6,0,0,2,2,0,2,0,6,3,0,3,2,2,4,2,2,9,4,5,2,8,2,0,1,0,2,0,3,0,2,1,3,0,4,5,0,0,4,0,2,0,12,0,0,2,7,7,7,0,0,0,2,11,2,6,0,2,2,10,2,7,0,7,2,0,1,6,2,2,2,2,2,3,2,2,0,2,3,6,6,0,6,10,0,1,2,0,2,2,0,2,0,2,0,0,4,2,0,1,0,5,2,1,9,2,2,2,12,5,0,0,0,2,7,9,6,9,11,0,2,3,0,13,2,0,5,0,0,2,4,2,3,3,2,4,0,6,1,0,3,6,0,0,0,0,5,0,2,2,0,8,11,0,5,5,5,7,0,4,0,2,3,3,0,9,2,0,0,0,7,2,721
scan1-117.png,1,4,7,11,7,7,17,17,11,15,5,9,5,11,6,8,12,6,5,0,2,25,7,5,9,4,4,8,2,40,4,4,0,2,1,2,4,2,2,2,2,2,3,3,7,6,0,3,2,4,6,2,4,9,4,0,4,8,6,0,1,0,2,0,3,2,4,1,2,2,4,6,2,2,4,0,2,0,13,0,0,2,7,7,7,0,2,1,2,11,4,6,0,4,4,10,2,8,4,7,4,0,2,6,2,4,2,2,2,9,2,4,0,2,5,7,0,4,8,10,1,1,3,2,2,4,4,2,2,6,2,2,5,4,0,1,4,5,2,1,9,2,2,2,12,7,0,1,0,6,7,9,6,9,11,2,4,3,2,13,2,0,5,4,2,6,4,1,6,3,5,5,2,8,3,2,3,8,2,3,0,2,5,2,4,2,4,9,12,1,5,5,5,7,0,8,2,2,3,3,0,10,2,0,4,0,7,2,920
scan1-118.png,1,6,7,11,6,7,18,17,11,14,6,8,5,12,6,8,17,8,6,2,2,24,7,3,10,4,4,7,2,42,4,5,2,0,1,2,5,2,2,2,2,2,3,2,7,3,1,3,4,2,6,2,4,9,4,0,3,8,2,2,2,2,2,0,7,0,4,2,5,2,4,6,2,0,3,0,2,0,13,0,0,2,7,7,7,1,2,2,2,11,2,6,0,2,2,10,2,8,2,7,4,1,2,6,2,4,2,2,3,7,2,4,0,4,6,7,0,2,8,10,3,2,3,2,2,2,0,2,0,4,0,0,5,2,0,5,1,5,2,2,9,4,2,4,12,7,0,3,2,4,7,9,6,9,11,0,6,3,2,13,2,0,5,3,4,4,4,0,6,3,7,6,2,6,6,2,3,8,0,3,0,2,4,2,4,2,2,9,12,0,5,5,5,7,0,10,2,2,4,3,0,10,2,0,4,0,7,2,922
scan1-119.png,1,2,49,9,5,5,13,15,10,12,4,8,4,9,5,4,9,4,3,0,2,23,5,3,7,3,3,7,2,37,4,4,0,0,59,2,4,0,0,2,2,0,3,0,94,2,0,45,21,2,4,2,2,76,4,0,2,113,2,0,1,0,118,0,16,0,2,1,3,0,2,51,0,0,2,0,2,0,84,0,0,2,150,42,86,0,0,0,2,105,0,87,0,2,0,98,131,124,0,34,0,0,1,112,2,2,38,2,2,3,2,2,0,2,3,51,0,0,6,98,0,1,2,0,2,2,0,87,0,2,0,0,118,2,0,1,0,5,2,1,20,2,2,0,129,5,0,0,0,2,85,64,48,44,47,0,2,100,0,159,2,0,83,0,0,2,4,0,3,30,2,4,0,6,1,0,107,6,0,0,96,0,4,0,2,2,0,109,41,0,50,47,114,45,0,4,0,2,12,65,0,127,2,0,0,0,73,2,4163
scan1-120.png,1,6,7,12,6,6,16,17,10,15,7,9,6,11,6,8,13,8,6,2,2,23,8,5,10,4,4,8,2,43,4,6,1,2,1,2,5,2,4,2,2,2,3,4,7,6,1,3,4,4,4,2,2,9,4,0,2,8,6,4,4,2,2,2,7,2,4,2,5,0,2,6,2,2,4,2,2,0,13,0,2,2,7,7,7,1,2,2,2,11,2,6,0,4,2,10,2,8,4,7,6,1,2,6,2,2,2,2,5,6,2,2,2,4,4,7,0,2,8,10,4,4,3,2,2,4,4,2,2,6,2,1,4,4,0,6,5,5,2,3,9,4,2,4,12,5,1,3,2,2,7,9,6,9,11,2,6,3,2,13,2,0,5,2,6,4,4,2,6,3,5,6,0,6,6,4,3,6,4,5,0,2,5,0,8,4,8,9,12,1,5,5,5,7,0,6,0,2,4,3,0,10,2,0,2,0,7,2,977
scan1-121.png,1,6,7,11,5,5,17,16,10,13,6,8,4,10,7,8,13,6,6,1,2,23,6,3,8,3,3,7,2,41,4,5,0,0,1,2,5,0,2,2,2,0,4,0,7,4,1,3,4,2,4,2,2,9,6,0,2,8,4,4,2,0,2,0,7,0,2,2,5,0,2,6,0,0,3,0,2,2,13,0,0,2,7,7,7,1,0,1,2,11,2,6,0,4,2,10,2,8,0,7,4,1,2,6,2,2,2,2,3,3,2,2,0,6,4,7,0,2,6,10,3,4,2,0,2,2,0,2,0,4,0,0,4,2,0,5,1,5,2,4,9,4,2,4,12,5,0,1,2,2,7,9,6,9,11,2,4,3,0,13,2,2,5,0,4,2,4,0,6,3,6,5,2,6,4,2,3,6,0,0,0,2,4,0,4,2,0,9,12,2,5,5,5,7,2,6,2,2,4,3,0,10,2,2,0,2,7,2,849
scan1-122.png,1,6,7,14,7,7,19,17,11,16,7,9,6,12,6,10,16,9,7,1,2,25,11,5,10,6,6,8,2,44,4,6,2,2,1,2,5,2,6,2,2,2,4,4,7,6,1,3,4,4,8,2,4,9,4,0,4,8,6,4,4,2,2,2,7,4,4,2,5,2,4,6,2,2,4,2,2,0,13,0,2,2,7,7,7,1,2,3,2,11,4,6,0,4,4,10,2,8,4,7,6,1,2,6,2,3,2,2,5,9,2,4,2,4,8,7,0,4,8,10,4,2,6,2,2,6,6,2,2,6,4,2,5,4,0,6,7,5,2,3,9,4,2,4,12,7,2,3,2,6,7,9,6,9,11,2,6,3,2,13,2,2,5,4,6,6,4,2,6,3,7,8,2,10,6,4,3,8,4,5,0,2,5,2,9,4,8,9,12,2,5,5,5,7,2,10,2,2,4,3,0,10,2,0,4,1,7,2,1089
scan1-123.png,1,4,7,10,6,7,17,17,11,15,4,8,5,10,6,5,12,6,4,0,2,24,6,4,9,4,4,8,2,40,4,4,2,0,1,2,4,2,2,2,2,2,3,2,7,4,0,3,2,4,8,2,4,9,4,0,4,8,4,0,1,2,2,1,3,0,4,1,2,2,4,6,2,0,4,0,2,0,13,0,2,2,7,7,7,0,2,0,2,11,2,6,0,2,2,10,2,8,4,7,4,0,2,6,2,4,2,2,2,9,2,4,0,2,5,7,0,4,8,10,2,1,3,2,2,2,0,2,2,2,0,2,5,2,0,1,2,5,2,2,9,2,2,2,12,7,0,1,0,6,7,9,6,9,11,0,4,3,2,13,2,0,5,4,1,6,4,2,3,3,4,5,0,8,3,2,3,8,0,3,0,2,4,0,4,2,3,9,12,0,5,5,5,7,0,8,2,2,3,3,0,10,2,0,4,0,7,2,870
scan1-124.png,1,6,7,10,5,5,18,16,11,13,5,8,4,10,6,8,14,5,5,1,2,23,6,3,10,4,4,7,2,41,4,5,0,0,1,2,5,2,2,2,2,0,3,0,7,2,1,3,4,2,6,2,4,9,4,0,2,8,2,2,2,0,2,0,5,0,2,2,5,0,4,6,0,0,3,0,2,0,13,0,0,2,7,7,7,1,1,0,2,11,2,6,0,2,2,10,2,8,0,7,2,1,1,6,2,2,2,2,2,7,2,4,0,4,6,7,0,2,6,10,2,2,3,0,2,2,0,2,0,4,0,0,4,2,0,5,0,5,2,1,9,4,2,4,12,7,0,1,2,4,7,9,6,9,11,0,6,3,2,13,2,0,5,2,4,2,4,0,6,3,7,5,2,6,6,2,3,8,0,0,0,2,4,2,2,2,0,9,12,0,5,5,5,7,0,8,2,2,4,3,0,10,2,0,4,0,7,2,849
scan1-125.png,1,6,7,14,7,6,17,18,11,15,7,9,7,12,7,10,14,8,5,1,2,25,8,5,9,4,4,8,2,43,4,6,0,2,1,2,5,0,6,2,2,0,3,4,7,6,1,3,4,4,4,2,4,9,4,0,4,8,6,2,4,2,2,0,7,4,4,2,5,0,2,6,1,2,4,2,2,0,13,0,0,2,7,7,7,1,4,3,2,11,3,6,0,4,4,10,2,8,4,7,6,1,2,6,2,3,2,2,5,5,2,4,0,6,6,7,0,4,6,10,3,2,4,0,2,7,6,2,2,6,4,1,4,4,0,5,5,5,2,2,9,4,2,4,12,7,2,4,2,7,7,9,6,9,11,2,4,3,0,13,2,2,5,2,6,6,4,3,6,3,7,8,0,8,5,4,3,6,2,5,0,1,5,0,7,2,6,9,12,2,5,5,5,7,2,6,0,2,4,3,0,10,2,2,2,2,7,2,1009
scan1-126.png,1,2,7,12,7,5,14,16,10,14,5,9,7,10,6,6,10,4,5,0,2,24,7,5,7,4,4,8,2,39,4,5,0,2,1,2,4,0,4,2,2,0,2,3,6,6,0,3,2,4,4,2,2,9,4,0,4,8,6,2,3,2,2,0,3,4,4,1,2,0,2,5,2,2,3,2,2,0,12,0,0,2,7,7,7,0,0,2,2,11,2,6,0,4,2,10,2,7,2,7,4,0,2,6,2,3,2,2,4,5,2,2,0,4,5,6,0,2,6,10,1,1,3,0,2,7,6,2,2,4,4,2,4,4,0,1,4,5,2,3,9,2,2,0,12,5,2,3,0,4,7,9,6,9,11,2,2,3,0,13,2,2,5,2,2,6,4,3,3,3,3,7,0,10,1,2,3,6,2,5,0,0,5,0,5,2,4,8,11,2,5,5,5,7,2,4,0,2,3,3,0,9,2,2,2,2,7,2,870
scan1-127.png,1,6,49,11,5,6,18,17,11,14,6,8,4,12,6,8,15,8,6,1,2,24,7,3,10,4,4,7,2,41,4,5,0,0,59,2,5,0,2,2,2,0,4,0,95,2,1,41,18,2,8,2,4,74,4,0,4,113,2,2,2,0,118,0,20,0,2,2,5,0,4,51,0,0,3,0,2,0,85,0,0,2,150,38,86,1,0,1,2,104,2,86,0,2,2,97,131,125,0,33,2,1,1,112,2,3,37,2,3,6,2,4,0,4,6,51,0,2,6,96,2,2,3,0,2,2,0,87,0,4,0,0,119,2,0,5,1,5,2,2,18,4,2,4,129,7,0,1,2,4,84,63,47,44,46,0,6,100,2,159,2,0,83,4,4,4,4,0,6,29,6,6,2,6,6,2,107,8,0,0,96,2,4,2,4,2,0,110,40,0,49,46,114,43,0,10,2,2,9,64,0,127,2,0,4,0,72,2,4313
scan1-128.png,1,2,7,13,6,7,13,16,10,14,5,9,5,10,5,6,9,5,3,0,2,24,9,5,8,4,4,8,2,39,4,5,0,2,1,2,4,2,2,2,2,2,2,4,6,6,0,3,2,4,6,2,2,9,4,0,4,8,6,0,3,0,2,2,3,4,4,1,2,0,2,5,0,2,3,2,2,0,12,0,2,2,7,7,7,0,2,0,2,11,0,6,0,2,2,10,2,7,4,7,4,0,2,6,2,4,2,2,4,6,2,2,2,2,4,6,0,2,6,10,2,1,3,2,2,5,5,2,4,4,4,2,5,4,0,1,6,5,2,2,9,2,2,0,12,5,2,2,0,4,7,9,6,9,11,0,2,3,0,13,2,0,5,2,2,5,4,2,3,3,3,5,0,8,1,2,3,6,2,4,0,0,5,0,6,4,8,8,11,0,5,5,5,7,0,6,0,2,3,3,0,9,2,0,2,0,7,2,864
scan1-129.png,1,6,7,14,6,7,18,17,10,15,7,9,6,11,7,10,15,8,6,1,2,23,8,5,9,5,5,8,2,43,4,6,0,2,1,2,5,2,6,2,2,2,3,4,7,6,1,3,4,4,6,2,4,9,4,0,4,8,6,3,4,2,2,0,7,3,4,2,5,0,4,6,0,2,4,2,2,0,13,0,0,2,7,7,7,1,2,3,2,11,4,6,0,4,4,10,2,8,4,7,6,1,2,6,2,4,2,2,5,8,2,4,0,4,6,7,0,4,6,10,3,2,4,0,2,5,6,2,2,6,4,2,5,4,0,5,5,5,2,2,9,4,2,4,12,6,2,3,2,4,7,9,6,9,11,2,6,3,2,13,2,2,5,2,6,6,4,3,6,3,7,7,2,10,6,4,3,8,2,5,0,2,5,2,6,2,6,9,12,2,5,5,5,7,2,10,2,2,4,3,0,10,2,0,2,2,7,2,1027
scan1-130.png,1,2,7,13,7,5,14,16,10,15,5,9,6,11,6,6,9,6,3,0,2,24,8,5,7,5,5,8,2,39,4,5,0,2,1,2,4,0,4,2,2,0,2,4,6,6,0,3,2,4,4,2,2,9,4,0,4,8,6,0,3,2,2,2,3,5,4,1,2,0,2,5,0,2,3,2,2,0,12,0,0,2,7,7,7,0,1,3,2,11,1,6,0,4,2,10,2,7,2,7,4,0,2,6,2,4,2,2,4,5,2,2,2,2,7,6,0,2,6,10,2,1,3,0,2,7,6,2,2,4,6,2,4,4,0,2,6,5,2,3,9,2,2,0,12,7,2,3,2,4,7,9,6,9,11,2,2,3,0,13,4,4,5,2,2,6,4,3,3,3,3,7,0,10,1,2,3,6,2,5,0,0,5,0,5,4,7,8,11,2,5,5,5,7,2,4,0,2,3,3,0,9,2,2,2,2,7,2,897
scan1-131.png,1,2,7,12,6,7,13,16,10,13,5,9,5,10,5,5,10,5,3,0,2,24,8,5,8,3,3,8,2,40,4,5,0,2,1,2,4,2,3,2,2,2,2,4,6,4,0,3,2,4,4,2,2,9,4,0,4,8,5,0,3,0,2,0,3,4,4,1,2,0,2,5,0,2,3,2,2,0,12,0,0,2,7,7,7,0,2,0,2,11,0,6,0,2,2,10,2,7,4,7,2,0,1,6,2,4,2,2,4,6,2,2,0,2,4,6,0,2,6,10,1,1,3,2,2,5,2,2,2,4,4,4,5,4,0,1,4,5,2,1,9,2,2,0,12,6,2,2,0,4,7,9,6,9,11,0,4,3,2,13,2,0,5,2,2,5,4,1,3,3,3,5,0,8,2,2,3,6,2,4,0,0,5,0,4,2,6,8,11,0,5,5,5,7,0,6,0,2,3,3,0,9,2,0,2,0,7,2,839
scan1-132.png,1,6,49,11,6,7,18,17,11,15,6,9,5,12,6,8,15,8,6,1,2,24,7,4,10,4,4,8,2,42,4,5,0,2,59,2,5,2,4,2,2,2,4,2,95,4,1,41,18,4,8,2,4,74,4,0,4,113,4,2,2,0,118,0,20,0,2,2,5,0,4,51,0,1,4,0,2,0,85,0,0,2,150,38,86,1,2,1,2,104,2,86,0,2,4,97,131,125,4,33,4,1,1,112,2,4,37,2,3,8,2,4,0,4,6,51,0,4,6,96,2,2,3,2,2,2,0,87,2,6,0,2,119,4,0,5,3,5,2,2,18,4,2,4,129,7,0,2,2,4,84,63,47,44,46,0,6,100,2,159,2,0,83,4,5,6,4,1,6,29,6,6,2,8,6,4,107,8,0,2,96,2,5,2,6,2,2,110,40,0,49,46,114,43,0,10,2,2,9,64,0,127,2,0,4,0,72,2,4382
scan1-133.png,1,6,7,12,6,7,16,17,10,14,6,9,5,11,6,7,14,6,5,1,2,24,9,5,10,3,3,8,2,42,4,6,0,2,1,2,5,0,4,2,2,2,3,4,7,6,1,3,2,4,4,2,4,9,4,0,3,8,6,2,3,0,2,0,5,4,2,2,5,0,2,6,0,2,4,2,2,0,13,0,0,2,7,7,7,1,2,0,2,11,2,6,0,2,4,10,2,8,4,7,6,0,2,6,2,4,2,2,4,6,2,4,0,4,6,7,0,2,6,10,3,2,4,2,2,4,4,2,2,6,4,2,5,4,0,5,5,5,2,1,9,4,2,4,12,5,1,1,2,4,7,9,6,9,11,0,6,3,0,13,2,0,5,2,6,4,4,1,6,3,6,6,0,8,4,4,3,8,2,4,0,0,5,0,4,2,6,9,12,0,5,5,5,7,0,10,0,2,4,3,0,10,2,0,2,0,7,2,940
scan1-134.png,1,2,7,9,5,5,13,15,10,12,4,8,4,9,5,4,9,4,3,0,2,23,5,3,7,3,3,7,2,37,4,4,0,0,1,4,4,0,0,2,2,0,2,0,6,2,0,3,2,2,4,2,2,9,4,0,2,8,2,0,1,0,2,0,3,0,2,1,2,0,2,5,0,1,2,0,2,0,12,0,0,2,7,7,7,1,0,0,2,11,0,6,0,2,0,10,2,7,0,7,0,0,1,6,2,2,2,2,2,3,2,2,0,2,3,6,0,0,6,10,0,1,2,0,2,2,0,2,0,2,0,0,4,2,2,3,0,5,2,1,9,2,2,0,12,5,0,0,0,2,7,9,6,9,11,0,2,3,0,13,2,0,5,0,2,2,4,0,3,3,2,4,0,6,1,0,3,6,0,0,0,0,4,0,2,4,0,8,11,0,5,5,5,7,0,4,0,2,3,3,0,9,2,0,0,0,7,2,696
scan1-135.png,1,6,7,11,5,5,19,16,10,14,6,8,4,10,6,8,16,8,5,1,2,24,7,3,10,6,6,7,2,42,4,5,2,0,1,4,5,0,2,2,2,2,3,0,7,2,1,3,4,2,4,2,4,9,4,2,2,8,4,2,3,0,2,2,7,0,2,2,5,0,4,6,2,2,3,0,2,0,13,0,0,2,7,7,7,2,0,3,2,11,4,6,0,2,2,10,2,8,0,7,2,1,1,6,2,2,2,2,5,4,2,4,2,4,8,7,0,2,6,10,4,2,3,2,2,2,0,2,0,4,2,0,5,2,2,9,3,5,2,3,9,4,2,4,12,7,2,1,4,3,7,9,6,9,11,0,6,3,2,13,2,2,5,2,6,4,4,2,6,3,7,6,0,6,6,2,3,8,2,1,0,2,4,0,6,6,2,9,12,2,5,5,5,7,2,8,0,2,4,3,0,10,2,2,2,0,7,2,929
scan1-136.png,1,4,7,14,7,7,17,16,11,16,7,9,5,12,6,8,14,9,4,1,2,25,10,5,9,5,5,8,2,43,4,6,0,2,1,2,5,2,6,2,2,2,2,4,6,6,1,3,4,4,6,2,2,9,4,0,4,8,6,2,4,0,2,2,7,4,4,2,5,0,2,5,0,2,4,2,2,0,12,0,2,2,7,7,7,1,2,4,2,11,1,6,0,4,4,10,2,7,4,7,6,1,2,6,2,4,2,2,5,6,2,2,2,4,10,6,0,2,6,10,4,2,3,2,2,6,6,2,2,6,4,2,5,4,0,6,9,5,2,5,9,4,2,2,12,9,4,2,4,6,7,9,6,9,11,2,6,3,2,13,2,4,5,4,6,6,4,4,6,3,5,7,0,8,6,4,3,8,2,5,0,1,5,0,8,4,8,8,11,2,5,5,5,7,2,8,0,2,4,3,0,9,2,2,4,2,7,2,1031
scan1-137.png,1,6,7,10,5,6,19,16,11,14,6,8,4,12,6,8,15,8,6,1,2,24,7,4,10,4,4,8,2,41,4,5,0,0,1,2,5,0,2,2,2,0,4,1,7,2,1,3,4,4,8,2,4,9,4,0,3,8,3,2,2,0,2,0,7,0,2,2,5,0,4,6,0,0,3,0,2,0,13,0,2,2,7,7,7,1,0,1,2,11,2,6,0,2,2,10,2,8,2,7,2,1,1,6,2,4,2,2,3,9,2,4,0,4,6,7,0,2,6,10,3,2,3,2,2,2,0,2,2,4,0,0,5,2,0,5,3,7,2,2,9,4,2,4,12,7,0,1,2,4,7,9,6,9,11,0,6,3,2,13,2,0,5,4,4,6,4,2,6,3,7,6,2,6,6,2,3,8,0,1,0,2,4,2,4,2,2,9,12,0,5,5,5,7,0,10,2,2,4,3,0,10,2,0,4,0,7,2,909
scan1-138.png,1,5,7,9,5,6,14,15,10,12,4,8,4,11,5,4,9,4,3,0,2,24,7,4,7,3,3,8,2,38,4,4,0,0,1,4,4,0,0,4,2,2,2,1,6,2,0,3,2,4,6,2,2,9,4,2,2,8,4,0,1,0,2,2,3,0,2,1,3,0,2,5,0,0,2,0,2,0,12,2,2,2,7,7,7,0,0,0,2,11,2,6,0,2,0,10,2,7,2,7,0,0,1,6,2,4,2,2,2,6,2,2,0,4,3,6,0,0,6,10,2,1,2,2,2,2,0,2,2,2,0,0,4,2,0,1,2,5,8,4,9,2,2,0,12,5,0,0,0,2,7,9,6,9,11,0,2,3,0,13,2,0,5,0,0,4,6,2,3,3,3,5,0,6,1,2,3,6,0,0,0,2,4,0,4,2,4,8,11,0,5,5,5,7,0,6,0,2,3,3,0,9,2,0,0,0,7,2,767
scan1-139.png,1,6,7,12,5,6,16,16,10,13,7,8,5,12,6,7,12,6,4,1,2,24,8,4,8,5,5,8,2,42,4,5,0,0,1,4,5,0,4,4,2,2,2,3,6,2,1,3,4,4,6,2,2,9,4,3,2,8,6,2,2,0,2,2,7,0,2,2,6,0,2,5,2,0,2,0,2,0,12,0,2,2,7,7,7,1,2,2,2,11,3,6,2,2,2,10,2,7,2,7,2,1,1,6,2,4,2,2,5,6,2,2,2,8,4,6,0,0,6,10,4,4,2,2,2,2,4,2,2,2,4,0,4,2,0,7,6,5,4,9,9,4,2,2,12,5,2,2,4,4,7,9,6,9,11,2,4,3,0,13,2,4,5,0,4,4,4,6,4,3,5,8,0,8,4,4,3,8,2,1,0,2,4,0,7,4,6,8,11,2,5,5,5,7,2,8,0,2,4,3,0,9,2,2,0,0,7,2,935
scan1-140.png,1,2,49,9,5,5,13,15,10,12,4,8,4,9,5,4,9,4,3,0,2,23,5,3,7,3,3,7,2,37,4,4,0,0,59,2,4,0,0,2,2,0,2,0,94,2,0,44,18,2,4,2,2,75,4,0,2,113,2,0,1,0,118,0,16,0,2,1,2,0,2,50,0,0,2,0,2,0,84,0,0,2,150,39,86,0,0,0,2,105,0,86,0,2,0,98,131,124,0,34,0,0,1,112,2,2,38,2,2,3,2,2,0,2,3,51,0,0,6,98,0,1,2,0,2,2,0,87,0,2,0,0,118,2,0,1,0,5,2,1,20,2,2,0,129,5,0,0,0,2,84,63,47,44,47,0,2,100,0,159,2,0,83,0,0,2,4,0,3,29,2,4,0,6,1,0,107,6,0,0,96,0,4,0,2,2,0,109,39,0,50,46,114,43,0,4,0,2,8,65,0,127,2,0,0,0,72,2,4137
scan1-141.png,1,6,7,10,5,6,17,16,10,13,6,8,4,11,5,7,13,6,4,1,2,24,8,4,8,3,3,7,2,40,4,5,0,0,1,2,5,0,2,2,2,0,2,1,7,2,1,3,4,4,6,2,2,9,4,0,2,8,2,2,2,0,2,2,7,0,2,2,5,0,2,6,0,0,2,0,2,0,13,0,2,2,7,7,7,1,0,1,2,11,0,6,0,2,2,10,2,8,2,7,2,1,1,6,2,4,2,2,3,6,2,2,1,4,4,7,0,0,6,10,2,2,2,2,2,2,0,2,2,4,0,0,4,2,0,5,3,5,2,3,9,4,2,2,12,5,0,1,2,2,7,9,6,9,11,0,4,3,0,13,2,0,5,0,4,4,4,2,6,3,5,6,0,6,4,2,3,6,0,0,0,2,4,0,6,2,4,9,12,0,5,5,5,7,0,8,0,2,4,3,0,10,2,0,0,0,7,2,837
scan1-142.png,1,6,7,11,5,7,17,17,11,14,4,8,5,11,6,6,12,6,5,1,2,24,6,3,9,4,4,7,2,39,4,4,1,0,1,2,4,2,0,2,2,2,3,1,7,2,0,3,2,2,8,2,4,9,4,0,4,8,2,0,1,0,2,0,3,0,2,1,3,2,4,6,1,0,3,2,2,0,13,0,0,2,7,7,7,1,2,1,2,11,2,6,0,2,2,10,2,8,2,7,0,0,1,6,2,3,2,2,2,9,2,4,0,3,5,7,0,2,6,10,1,1,3,2,2,2,0,2,0,4,0,0,5,2,0,2,0,5,2,1,9,2,4,2,12,7,0,0,0,4,7,9,6,9,11,0,4,3,4,13,2,0,5,4,0,6,4,0,6,3,5,6,2,6,3,2,3,8,0,2,0,2,4,2,4,2,2,9,12,0,5,5,5,7,0,8,2,2,3,3,0,10,2,0,4,0,7,2,845
scan1-143.png,1,6,7,11,5,7,19,17,12,14,6,8,4,13,6,9,15,8,5,1,2,24,7,3,10,5,5,7,2,41,4,5,0,2,1,4,5,2,2,2,2,2,3,0,7,4,1,3,4,2,6,2,4,9,4,4,3,8,2,2,2,0,2,0,7,0,2,2,6,0,6,6,0,0,3,0,2,0,13,0,0,2,7,7,7,1,2,2,2,11,4,6,0,2,6,10,2,8,2,7,3,1,1,6,2,3,2,2,3,8,2,4,0,4,6,7,2,2,6,10,2,2,3,2,2,2,0,2,0,4,0,0,5,2,0,5,1,5,2,2,9,4,2,6,12,7,0,1,2,4,7,9,6,9,11,0,6,3,2,13,2,0,5,2,4,5,4,2,6,3,6,6,2,6,8,2,3,8,0,0,0,2,4,0,4,2,1,9,12,0,5,5,5,7,0,10,2,2,4,3,0,10,2,0,4,0,7,2,921
scan1-144.png,1,6,49,11,5,7,19,17,11,14,6,8,4,12,6,8,15,8,6,1,2,25,7,3,10,4,4,7,2,42,4,5,0,0,59,2,5,2,2,2,2,2,4,0,95,2,1,41,18,2,8,2,4,74,4,0,4,113,2,2,2,0,118,0,20,0,4,2,5,0,4,51,0,0,3,0,2,0,85,0,0,2,150,38,86,1,2,1,2,104,2,86,0,2,2,97,131,125,2,33,2,1,1,112,2,3,37,2,3,6,2,4,0,4,6,51,0,4,6,96,2,2,3,2,2,2,0,87,0,4,0,0,119,2,0,5,1,5,2,2,18,4,2,4,129,7,0,1,2,6,84,63,47,44,46,0,6,100,2,159,2,0,83,4,4,4,4,0,6,29,6,6,2,6,6,4,107,8,0,0,96,2,4,2,4,2,1,110,40,0,49,46,114,43,0,10,2,2,10,64,0,127,2,0,4,0,72,2,4337
scan1-145.png,1,6,7,12,6,7,19,17,11,14,6,9,5,12,6,8,16,10,6,1,2,24,9,4,10,6,6,7,2,44,4,5,2,2,1,2,5,2,4,2,2,2,4,2,7,2,1,3,4,2,8,2,4,9,4,0,4,8,4,2,3,0,2,2,7,1,4,2,5,2,4,6,2,0,4,0,2,0,13,0,2,2,7,7,7,1,2,3,2,11,3,6,0,2,4,10,2,8,2,7,4,1,1,6,2,4,2,2,5,9,2,4,2,4,10,7,0,4,8,10,2,2,3,2,2,3,0,2,0,6,2,1,5,2,0,6,7,5,2,3,9,4,2,4,12,9,0,2,4,6,7,9,6,9,11,0,6,3,2,13,2,0,5,4,6,6,4,2,6,3,7,6,2,6,6,6,3,8,2,4,0,2,4,0,8,4,6,9,12,1,5,5,5,7,2,10,2,2,5,3,0,10,2,2,4,0,7,2,1009
scan1-146.png,1,2,7,12,5,5,13,16,10,12,5,9,5,9,5,5,10,5,3,0,2,23,8,4,7,4,4,8,2,39,4,5,0,1,1,2,4,0,4,2,2,0,2,2,6,4,0,3,2,4,4,2,2,9,4,0,2,8,6,0,3,2,2,0,3,4,2,1,2,0,2,5,0,3,3,2,2,0,12,0,0,2,7,7,7,0,0,1,2,11,1,6,0,2,0,10,2,7,2,7,1,0,1,6,2,2,2,2,4,3,2,2,2,2,7,6,0,0,6,10,1,1,3,0,2,5,4,2,2,4,4,1,4,3,0,3,5,5,2,3,9,2,2,0,12,5,4,2,2,4,7,9,6,9,11,2,2,3,0,13,2,4,5,0,0,2,4,2,3,3,2,6,0,8,1,0,3,6,4,2,0,0,5,0,3,2,4,8,11,2,5,5,5,7,2,4,0,2,3,3,0,9,2,4,0,4,7,2,820
scan1-147.png,1,4,7,14,6,7,17,17,11,15,7,9,8,12,5,7,14,8,5,2,2,24,10,5,9,4,4,8,2,43,4,6,2,4,1,2,5,2,6,2,2,2,2,4,7,6,1,3,4,4,4,2,2,9,4,0,4,8,6,2,4,2,2,0,7,4,4,2,5,2,2,6,2,2,3,2,2,2,13,0,0,2,7,7,7,1,4,3,2,11,2,6,2,4,4,10,2,8,4,7,6,1,2,6,2,4,2,2,5,9,2,2,0,6,8,7,0,2,8,10,4,2,3,2,2,6,6,2,2,6,4,2,5,4,0,5,5,5,2,4,9,4,2,2,12,7,2,5,2,6,7,9,6,9,11,0,6,3,2,13,2,2,5,4,6,6,4,3,6,3,5,8,2,10,5,4,3,8,2,5,0,2,5,2,7,2,6,9,12,2,5,5,5,7,2,10,2,2,4,3,0,10,2,2,4,0,7,2,1039
scan1-148.png,1,6,7,11,5,5,16,16,10,14,6,8,4,10,5,7,13,6,4,1,2,23,7,3,8,5,5,7,2,41,4,5,0,0,1,2,5,0,2,2,2,0,2,0,7,2,1,3,4,2,4,2,2,9,4,0,2,8,4,2,3,0,2,2,7,0,2,2,5,0,2,6,0,0,2,0,2,0,13,0,0,2,7,7,7,1,0,3,2,11,1,6,0,2,2,10,2,8,0,7,2,1,1,6,2,2,2,2,5,3,2,2,2,4,6,7,0,0,6,10,2,2,2,0,2,2,0,2,0,4,2,0,4,2,0,7,3,5,2,3,9,4,2,2,12,7,2,1,4,2,7,9,6,9,11,0,4,3,0,13,2,2,5,0,4,2,4,1,6,3,4,5,0,6,4,2,3,6,1,0,0,0,4,0,6,4,2,9,12,2,5,5,5,7,2,6,0,2,4,3,0,10,2,2,0,0,7,2,841
scan1-149.png,1,6,7,12,7,7,19,18,11,15,6,9,7,12,6,10,16,9,7,1,2,25,8,5,10,5,5,8,2,43,4,5,2,4,1,2,5,2,8,2,2,2,3,2,7,6,1,3,4,4,6,2,4,9,4,0,4,8,4,4,2,0,2,0,7,1,4,2,5,2,4,6,2,1,4,0,2,0,13,0,0,2,7,7,7,1,4,4,2,11,4,6,2,4,4,10,2,8,4,7,6,1,2,6,2,4,2,2,3,9,2,4,0,4,7,7,0,4,6,10,2,2,3,2,2,6,3,2,2,6,1,2,5,4,0,5,5,5,2,4,9,4,2,4,12,7,2,4,2,10,7,9,6,9,11,1,6,3,2,13,2,2,5,4,6,6,4,3,6,3,7,8,2,10,8,4,3,8,0,3,0,2,4,2,7,2,3,9,12,2,5,5,5,7,2,10,2,2,4,3,0,10,3,2,4,1,7,2,1043
scan1-150.png,1,2,49,9,5,5,13,15,10,12,4,8,4,9,5,4,9,4,3,0,2,23,5,3,7,3,3,7,2,37,4,4,0,0,59,2,4,0,0,2,2,0,2,0,94,2,0,41,18,2,4,2,2,75,4,0,2,113,2,0,1,0,118,0,16,0,2,1,2,0,2,50,0,0,2,0,2,0,84,0,0,2,150,39,86,0,0,0,2,104,0,86,0,2,0,97,131,124,0,33,0,0,1,112,2,2,37,2,2,3,2,2,0,2,3,50,0,0,6,97,0,1,2,0,2,2,0,87,0,2,0,0,118,2,0,1,0,5,2,1,18,2,2,0,129,5,0,0,0,2,87,64,48,44,47,0,2,100,0,159,2,0,83,0,0,2,4,0,3,29,2,4,0,6,1,0,107,6,0,0,96,0,4,0,2,2,0,109,39,0,50,46,114,44,0,4,0,2,8,65,0,126,2,0,0,0,72,2,4131
scan1-151.png,1,2,49,9,5,5,13,15,10,12,4,8,4,9,5,4,9,4,3,0,2,23,5,3,7,3,3,7,2,37,4,4,0,0,59,2,4,0,0,2,2,0,2,0,94,2,0,42,17,2,4,2,2,75,4,0,2,113,2,0,1,0,118,0,16,0,2,1,2,0,2,50,0,0,2,0,2,0,84,0,0,2,150,38,86,0,0,0,2,104,0,86,0,2,0,97,131,124,0,33,0,0,1,112,2,2,37,2,2,3,2,2,0,2,3,50,0,0,6,97,0,1,2,0,2,2,0,87,0,2,0,0,118,2,0,1,0,5,2,1,18,2,2,0,129,5,0,0,0,2,85,65,48,44,47,0,2,100,0,159,2,0,83,0,0,2,4,0,3,29,2,4,0,6,1,0,107,6,0,0,96,0,4,0,2,2,0,109,39,0,50,46,114,43,0,4,0,2,8,64,0,126,2,0,0,0,72,2,4127
scan1-152.png,1,6,49,11,7,7,19,17,11,14,5,8,5,12,6,8,14,6,6,1,2,25,7,3,10,4,4,7,2,42,4,5,0,0,59,2,5,2,2,2,2,2,4,2,95,2,1,42,18,2,8,2,4,75,4,0,4,113,2,2,1,0,118,0,18,0,4,1,5,0,4,51,0,0,3,0,2,0,85,0,0,2,150,38,86,1,2,0,2,104,2,86,0,4,4,97,131,125,2,33,2,0,1,112,2,4,37,2,2,8,2,4,0,4,6,51,0,4,6,97,2,2,3,2,2,2,1,87,0,4,0,0,119,2,0,5,0,5,2,1,18,4,2,4,129,7,0,1,2,6,85,64,49,44,47,0,6,100,2,159,2,0,83,4,4,6,4,1,6,29,6,6,2,6,6,4,107,8,0,2,96,2,4,0,2,2,2,110,40,0,50,46,114,43,0,10,2,2,10,65,0,127,2,0,4,0,72,2,4349
scan1-153.png,1,2,49,9,5,5,13,15,10,12,4,8,4,9,5,4,9,4,3,0,2,23,5,3,7,3,3,7,2,37,4,4,0,0,59,2,4,0,0,2,2,0,2,0,94,2,0,41,16,2,4,2,2,74,4,0,2,113,2,0,1,0,118,0,16,0,2,1,2,0,2,50,0,0,2,0,2,0,84,0,0,2,150,38,86,0,0,0,2,104,0,86,0,2,0,97,131,124,0,33,0,0,1,112,2,2,37,2,2,3,2,2,0,2,3,50,0,0,6,96,0,1,2,0,2,2,0,87,0,2,0,0,118,2,0,1,0,5,2,1,18,2,2,0,129,5,0,0,0,2,84,63,47,44,46,0,2,100,0,159,2,0,83,0,0,2,4,0,3,29,2,4,0,6,1,0,107,6,0,0,96,0,4,0,2,2,0,109,39,0,49,46,114,43,0,4,0,2,8,64,0,126,2,0,0,0,72,2,4117
scan1-154.png,1,2,49,9,5,5,13,15,10,12,4,8,4,9,5,4,9,4,3,0,2,23,5,3,7,3,3,7,2,37,4,4,0,0,59,2,4,0,0,2,2,0,2,0,94,2,0,44,21,2,4,2,2,76,4,0,2,114,2,0,1,0,118,0,16,0,2,1,2,0,2,50,0,0,2,0,2,0,84,0,0,2,150,42,86,0,0,0,2,105,0,87,0,2,0,98,131,125,0,35,0,0,1,112,2,2,38,2,2,3,2,2,0,2,3,51,0,0,6,97,0,1,2,0,2,2,0,87,0,2,0,0,118,2,0,1,0,5,2,1,19,2,2,0,129,5,0,0,0,2,85,64,48,44,47,0,2,100,0,159,2,0,83,0,0,2,4,0,3,30,2,4,0,6,1,0,107,6,0,0,96,0,4,0,2,2,0,109,42,0,50,47,114,45,0,4,0,2,11,64,0,128,2,0,0,0,73,2,4160
scan1-155.png,1,2,7,11,6,5,14,15,10,12,5,9,6,9,6,6,9,4,4,0,2,23,6,4,7,3,3,8,2,38,4,5,0,2,1,2,4,0,4,2,2,0,2,2,6,6,0,3,2,2,4,2,2,9,4,0,2,8,4,2,3,2,2,0,3,2,4,1,2,0,2,5,0,2,3,2,2,2,12,0,0,2,7,7,7,0,0,2,2,11,2,6,0,4,0,10,2,7,0,7,2,0,2,6,2,2,2,2,4,3,2,2,0,4,3,6,0,2,6,10,1,3,3,0,2,7,6,2,0,4,4,0,4,2,0,1,2,5,2,3,9,2,2,0,12,5,2,0,0,3,7,9,6,9,11,2,2,3,0,13,2,2,5,0,2,4,4,3,3,3,2,5,0,7,1,0,3,6,2,2,0,0,5,0,3,2,2,8,11,2,5,5,5,7,2,4,0,2,3,3,0,9,2,2,0,2,7,2,804
scan1-156.png,1,6,7,11,5,7,18,17,11,14,6,8,5,12,6,8,15,8,6,1,2,24,7,3,10,4,4,7,2,42,4,5,0,0,1,2,5,2,2,2,2,2,4,2,7,2,1,3,4,2,6,2,4,9,4,0,4,8,2,2,2,0,2,0,7,0,2,2,5,0,4,6,0,0,3,0,2,0,13,0,0,2,7,7,7,1,2,1,2,11,2,6,0,2,4,10,2,8,2,7,2,1,1,6,2,4,2,2,3,9,2,4,0,4,6,7,0,2,8,10,2,2,3,2,2,2,0,2,0,4,0,1,5,2,0,5,3,5,2,2,9,4,2,4,12,7,0,2,2,4,7,9,6,9,11,0,6,3,2,13,2,0,5,4,4,6,4,0,6,3,7,6,2,7,6,4,3,8,0,2,0,2,4,2,6,2,2,9,12,0,5,5,5,7,0,10,2,2,4,3,0,10,2,0,4,0,7,2,917
scan1-157.png,1,2,49,9,5,6,14,15,10,12,4,8,4,10,5,4,9,4,3,0,2,24,7,4,7,3,3,7,2,37,4,4,0,0,59,2,4,0,0,2,2,0,2,1,94,2,0,41,16,2,6,2,2,74,4,0,2,113,2,0,1,0,118,0,16,0,2,1,2,0,2,50,0,0,2,0,2,0,84,0,2,2,150,38,86,0,0,0,2,104,0,86,0,2,0,97,131,124,2,33,0,0,1,112,2,4,37,2,2,5,2,2,0,2,3,50,0,0,6,96,0,1,2,2,2,2,0,87,0,2,0,0,118,2,0,1,2,5,2,2,18,2,2,0,129,5,0,0,0,2,84,63,47,44,46,0,2,100,0,159,2,0,83,0,0,4,4,2,3,29,3,5,0,6,1,0,107,6,0,0,96,0,4,0,4,2,4,109,39,0,49,46,114,43,0,6,0,2,8,64,0,126,2,0,0,0,72,2,4154
scan1-158.png,1,4,7,10,6,7,17,18,11,14,4,9,5,11,6,6,12,6,5,0,2,24,7,4,10,4,4,7,2,39,4,4,0,2,1,2,4,2,2,2,2,2,3,2,7,4,0,3,2,2,6,2,4,9,4,0,4,8,2,0,1,0,2,0,3,0,4,1,2,0,4,6,0,0,4,0,2,0,13,0,0,2,7,7,7,0,2,0,2,11,3,6,0,2,2,10,2,8,2,7,4,0,2,6,2,4,2,2,2,9,2,4,0,2,5,7,0,4,6,10,1,1,3,2,2,2,0,2,0,6,0,2,5,2,0,1,2,5,2,1,9,2,4,2,12,7,0,1,0,6,7,9,6,9,11,0,4,3,4,13,2,0,5,4,2,6,4,1,6,3,5,5,2,8,3,2,3,8,0,3,0,2,4,2,4,2,2,9,12,0,5,5,5,7,0,8,2,2,3,3,0,10,2,0,4,0,7,2,867
scan1-159.png,1,6,49,11,5,6,18,17,11,14,6,8,4,12,6,8,15,8,6,1,2,24,7,3,10,4,4,7,2,41,4,5,0,0,59,2,5,0,2,2,2,0,4,0,95,2,1,41,18,2,8,2,4,74,4,0,4,113,2,2,2,0,118,0,20,0,2,2,5,0,4,51,0,0,3,0,2,0,85,0,0,2,150,38,86,1,0,1,2,104,2,86,0,2,2,97,131,125,0,33,2,1,1,112,2,3,37,2,3,6,2,4,0,4,6,51,0,2,6,96,2,2,3,0,2,2,0,87,0,4,0,0,119,2,0,5,1,5,2,2,18,4,2,4,129,7,0,1,2,4,84,63,47,44,46,0,6,100,2,159,2,0,83,4,4,4,4,0,6,29,6,6,2,6,6,2,107,8,0,0,96,2,4,2,4,2,0,110,40,0,49,46,114,43,0,10,2,2,9,64,0,127,2,0,4,0,72,2,4313
scan1-160.png,1,5,7,11,5,7,17,17,11,14,4,8,5,11,6,6,12,6,4,1,2,24,6,4,9,4,4,7,2,39,4,4,0,0,1,2,4,2,0,2,2,2,3,2,7,2,0,3,2,2,8,2,4,9,4,0,4,8,2,0,1,0,2,0,3,2,2,1,3,0,4,6,0,0,3,0,2,0,13,0,0,2,7,7,7,1,2,0,2,11,2,6,0,2,4,10,2,8,2,7,0,0,1,6,2,4,2,2,2,6,2,4,0,2,5,7,0,2,6,10,0,1,3,2,2,2,0,2,0,4,2,0,5,2,0,3,0,5,2,1,9,2,2,2,12,7,0,0,0,4,7,9,6,9,11,0,4,3,2,13,6,0,5,4,0,6,4,0,6,3,4,6,0,6,3,2,3,8,0,1,0,2,4,0,4,2,2,9,12,0,5,5,5,7,0,8,0,2,3,3,0,10,2,0,4,0,7,2,833
scan1-161.png,1,2,7,12,5,5,13,16,10,13,5,9,6,9,6,6,9,4,4,0,2,23,8,4,7,5,5,7,2,38,4,5,0,2,1,2,4,0,2,2,2,0,2,2,6,5,0,3,2,4,4,2,2,9,4,0,2,8,4,1,3,2,2,2,3,4,2,1,2,0,2,5,0,2,3,2,2,0,12,0,1,2,7,7,7,0,2,2,2,11,1,6,0,2,0,10,2,7,2,7,2,0,2,6,2,2,2,2,4,3,2,2,2,4,5,6,0,0,6,10,0,3,3,0,2,6,4,2,0,4,4,0,4,2,0,3,4,5,2,4,9,2,2,0,12,5,3,2,2,4,7,9,6,9,11,2,2,3,0,13,2,6,5,0,2,2,4,4,3,3,2,6,0,8,1,0,3,6,4,2,0,0,5,0,5,4,6,8,11,2,5,5,5,7,2,4,0,2,3,3,0,9,2,4,0,2,7,2,836
scan1-162.png,1,6,49,11,5,6,18,17,11,14,6,8,4,12,6,8,15,8,6,1,2,24,7,3,10,4,4,7,2,41,4,5,0,0,59,2,5,0,2,2,2,0,4,0,95,2,1,41,18,2,8,2,4,74,4,0,4,113,2,2,2,0,118,0,20,0,2,2,5,0,4,51,0,0,3,0,2,0,85,0,0,2,150,38,86,1,0,1,2,104,2,86,0,2,2,97,131,125,0,33,2,1,1,112,2,3,37,2,3,6,2,4,0,4,6,51,0,2,6,96,2,2,3,0,2,2,0,87,0,4,0,0,119,2,0,5,1,5,2,2,18,4,2,4,129,7,0,1,2,4,84,63,47,44,46,0,6,100,2,159,2,0,83,4,4,4,4,0,6,29,6,6,2,6,6,2,107,8,0,0,96,2,4,2,4,2,0,110,40,0,49,46,114,43,0,10,2,2,9,64,0,127,2,0,4,0,72,2,4313
scan1-163.png,1,4,7,10,7,7,17,17,11,14,4,9,5,11,6,6,12,6,5,0,2,25,7,4,9,4,4,7,2,39,4,4,0,2,1,2,4,2,0,2,2,2,3,2,7,2,0,3,2,2,6,2,4,9,4,0,4,8,2,0,1,0,2,0,3,0,4,1,2,0,4,6,0,0,3,0,2,0,13,0,0,2,7,7,7,0,2,0,2,11,2,6,0,2,4,10,2,8,2,7,2,0,2,6,2,4,2,2,2,8,2,4,0,2,5,7,0,4,6,10,1,1,3,2,2,4,4,2,2,4,2,1,5,2,0,1,4,5,2,1,9,2,2,2,12,7,0,1,0,6,7,9,6,9,11,0,4,3,2,13,2,0,5,4,2,6,4,1,6,3,5,5,2,8,3,2,3,8,0,2,0,2,4,0,4,2,2,9,12,0,5,5,5,7,0,8,2,2,3,3,0,10,2,0,4,0,7,2,862
scan1-164.png,1,5,7,14,7,6,17,16,11,15,7,9,6,12,6,8,14,7,5,1,2,25,8,5,8,4,4,8,2,43,4,6,2,2,1,4,5,2,5,2,2,2,2,4,7,6,1,3,4,4,4,2,2,9,4,2,4,8,6,4,2,2,2,0,7,2,4,2,5,0,2,6,2,3,3,0,2,0,13,2,0,2,7,7,7,2,2,2,2,11,2,6,0,4,4,10,2,8,4,7,6,1,2,6,2,3,2,2,5,5,2,2,0,4,5,7,0,2,6,10,3,2,2,2,2,4,6,2,2,6,2,2,5,4,1,7,5,5,2,2,9,4,2,2,12,7,0,2,2,6,7,9,6,9,11,2,4,3,2,13,2,2,5,2,8,6,4,3,6,3,5,6,0,8,4,4,3,10,2,3,0,0,5,0,7,4,6,9,12,2,5,5,5,7,2,6,0,2,4,3,0,10,2,0,2,2,7,2,988
scan1-165.png,1,4,7,12,7,7,17,17,11,16,5,9,6,11,6,8,13,6,6,0,2,25,9,5,9,5,5,8,2,41,4,5,2,2,1,2,4,2,2,2,2,2,3,4,7,6,0,3,2,4,8,2,4,9,4,0,4,8,6,2,2,2,2,2,3,2,4,1,2,0,4,6,2,2,4,0,2,0,13,0,2,2,7,7,7,0,2,1,2,11,4,6,0,4,4,10,2,8,4,7,4,0,2,6,2,4,2,2,4,9,2,4,2,2,5,7,0,4,8,10,2,1,3,2,2,4,6,2,2,4,2,2,5,4,0,2,6,5,2,2,9,2,2,2,12,7,0,2,0,6,7,9,6,9,11,2,4,3,2,13,2,0,5,4,2,8,4,2,6,3,5,5,2,8,3,2,3,8,3,3,0,2,5,2,6,4,8,9,12,0,5,5,5,7,0,8,2,2,3,3,0,10,2,0,4,0,7,2,964
scan1-166.png,1,8,7,10,5,7,16,16,10,13,5,8,4,11,6,5,13,6,4,1,2,24,6,3,9,3,3,7,2,40,4,4,0,0,1,2,4,0,0,2,2,2,3,0,7,2,1,3,2,2,4,2,4,9,4,0,2,8,2,0,1,0,2,0,5,0,2,2,5,0,2,6,0,0,3,0,2,0,13,2,0,2,7,7,7,1,0,0,2,11,2,6,0,2,2,10,2,8,2,7,2,0,1,6,2,4,2,2,2,4,2,4,0,4,6,7,0,0,6,10,2,2,3,2,2,2,0,2,0,4,0,0,5,2,0,3,0,5,4,1,9,2,2,2,12,7,0,0,0,4,7,9,6,9,11,0,4,3,2,13,2,0,5,2,0,2,6,0,6,3,5,6,0,6,4,2,3,8,0,0,0,2,4,0,2,2,2,9,12,0,5,5,5,7,0,10,0,2,3,3,0,10,2,0,2,0,7,2,814
scan1-167.png,1,2,7,13,7,7,16,18,12,15,5,9,8,12,6,6,10,5,4,0,2,25,9,5,8,7,7,8,2,41,4,5,0,2,1,2,6,2,4,2,2,2,2,4,6,8,0,3,2,4,8,2,2,9,4,3,4,8,6,2,3,2,2,2,3,2,4,1,2,0,6,5,2,2,5,1,2,0,12,0,2,2,7,7,7,0,2,2,2,11,3,6,2,4,4,10,2,7,4,7,6,0,2,6,2,4,2,2,4,9,2,2,2,4,5,6,2,2,6,10,2,1,2,2,2,7,6,2,2,4,4,2,5,4,0,3,6,5,2,6,9,2,2,2,12,7,2,3,2,8,7,9,6,9,11,2,2,3,2,13,2,4,5,2,2,6,4,8,3,3,3,7,0,10,2,2,3,8,3,3,0,0,6,0,7,4,6,8,11,2,5,5,5,7,2,6,0,2,3,3,0,9,2,2,2,2,7,2,978
scan1-168.png,1,6,7,10,5,5,18,16,11,13,6,8,4,10,6,8,15,7,5,1,2,24,7,3,10,4,4,7,2,41,4,5,0,0,1,2,5,2,2,2,2,0,3,0,7,2,1,3,4,2,6,2,4,9,4,0,2,8,2,2,2,0,2,0,5,0,2,2,5,0,4,6,0,0,3,0,2,0,13,0,0,2,7,7,7,1,0,0,2,11,2,6,0,2,2,10,2,8,0,7,2,1,1,6,2,2,2,2,2,6,2,4,0,4,6,7,0,2,6,10,2,2,3,2,2,2,0,2,0,4,0,0,4,2,0,5,1,5,2,2,9,4,2,4,12,7,0,1,2,4,7,9,6,9,11,0,6,3,2,13,2,0,5,2,4,2,4,0,6,3,7,6,2,6,6,2,3,8,0,0,0,2,4,2,2,2,0,9,12,0,5,5,5,7,0,10,2,2,4,3,0,10,2,0,2,0,7,2,858
scan1-169.png,1,2,49,9,5,5,13,15,10,12,4,8,4,9,5,4,9,4,3,0,2,23,5,3,7,3,3,7,2,37,4,4,0,0,59,2,4,0,0,2,2,0,2,0,94,2,0,42,17,2,4,2,2,75,4,0,2,113,2,0,1,0,118,0,16,0,2,1,2,0,2,50,0,0,2,0,2,0,84,0,0,2,150,38,86,0,0,0,2,104,0,86,0,2,0,97,131,124,0,33,0,0,1,112,2,2,37,2,2,3,2,2,0,2,3,50,0,0,6,97,0,1,2,0,2,2,0,87,0,2,0,0,118,2,0,1,0,5,2,1,18,2,2,0,129,5,0,0,0,2,84,63,47,44,47,0,2,100,0,159,2,0,83,0,0,2,4,0,3,30,2,4,0,6,1,0,107,6,0,0,96,0,4,0,2,2,0,109,39,0,50,46,114,43,0,4,0,2,8,64,0,126,2,0,0,0,72,2,4124
scan1-170.png,1,6,7,11,7,7,19,17,11,15,6,9,6,12,7,10,17,8,7,2,2,25,9,5,10,4,4,8,2,43,4,5,2,2,1,2,5,2,4,2,2,2,4,2,7,4,1,3,4,4,8,2,4,9,4,0,4,8,5,4,2,2,2,2,7,2,4,2,5,2,4,6,2,1,4,0,2,1,13,0,2,2,7,7,7,1,2,2,2,11,4,6,0,4,4,10,2,8,3,7,6,1,2,6,2,4,2,2,3,9,2,4,1,4,6,7,0,4,8,10,4,2,3,2,2,4,4,2,2,6,2,2,5,2,0,6,5,5,2,3,9,4,2,4,12,7,0,3,2,6,7,9,6,9,11,0,6,3,2,13,2,0,5,4,6,6,4,2,6,3,7,6,2,8,6,4,3,8,4,3,0,2,4,2,8,2,5,9,12,0,5,5,5,7,0,10,2,2,5,3,0,10,2,0,4,0,7,2,1023
scan1-171.png,1,6,7,14,7,7,19,18,11,15,7,9,6,12,6,11,15,9,6,1,2,25,11,5,10,5,5,8,2,43,4,6,2,3,1,2,5,2,6,2,2,2,3,4,7,6,1,3,4,4,8,2,4,9,4,0,4,8,6,2,4,2,2,2,7,4,4,2,5,2,4,6,2,2,4,2,2,0,13,0,2,2,7,7,7,1,4,3,2,11,2,6,0,2,4,10,2,8,4,7,6,1,2,6,2,4,2,2,5,9,2,4,1,4,8,7,0,4,8,10,4,2,4,2,2,6,6,2,2,6,4,2,5,4,0,5,5,5,2,5,9,4,2,4,12,7,2,4,2,8,7,9,6,9,11,2,6,3,2,13,2,2,5,4,6,6,4,4,6,3,7,8,2,10,6,4,3,8,2,5,0,2,5,2,9,2,8,9,12,2,5,5,5,7,2,10,2,2,4,3,0,10,2,2,4,0,7,2,1080
scan1-172.png,1,2,7,9,5,5,16,15,11,12,4,8,5,10,5,6,12,4,4,0,2,23,5,3,8,4,4,7,2,38,4,4,2,0,1,2,4,2,0,2,2,0,2,0,6,2,0,3,2,2,6,2,2,9,4,0,4,8,2,0,1,0,2,0,3,0,3,1,2,2,4,5,2,0,2,0,2,0,12,2,0,2,7,7,7,0,0,0,2,11,0,6,0,2,0,10,2,7,0,7,0,0,1,6,2,2,2,2,2,6,2,2,0,2,5,6,0,3,8,10,0,1,3,0,2,2,0,2,0,4,0,0,4,2,0,1,0,5,2,1,9,2,2,2,12,7,0,1,0,6,7,9,6,9,11,0,2,3,2,13,2,0,5,4,0,4,4,0,6,3,5,5,4,6,3,0,3,8,0,1,0,2,4,2,2,2,0,8,11,0,5,5,5,7,0,6,2,2,3,3,0,9,2,0,4,0,7,2,775
scan1-173.png,1,6,7,14,6,7,18,18,10,14,7,9,6,11,6,10,15,9,5,1,2,24,10,5,10,5,5,8,2,42,4,6,0,4,1,2,5,2,6,2,2,2,3,4,7,4,1,3,4,4,6,2,4,9,4,0,4,8,6,2,4,0,2,0,7,4,4,2,5,0,4,6,0,2,4,2,2,0,13,0,0,2,7,7,7,1,4,3,2,11,2,6,0,2,4,10,2,8,4,7,4,1,1,6,2,4,2,2,5,8,2,4,0,4,8,7,0,4,6,10,2,2,4,2,2,4,2,2,2,6,4,2,5,4,0,5,5,5,2,4,9,4,2,4,12,5,2,4,2,6,7,9,6,9,11,1,6,3,2,13,2,2,5,2,6,4,4,3,6,3,6,8,2,10,6,4,3,6,2,4,0,2,5,2,7,2,6,9,12,2,5,5,5,7,2,10,2,2,4,3,0,10,2,2,2,0,7,2,1019
scan1-174.png,1,6,7,11,6,7,20,18,12,14,6,8,5,12,6,9,15,8,5,1,2,24,7,4,10,5,5,7,2,42,4,5,0,2,1,4,6,2,3,2,2,2,3,2,7,4,1,3,4,2,6,2,4,9,4,2,4,8,2,2,2,0,2,0,7,0,3,2,6,0,6,6,0,0,3,0,2,0,13,0,0,2,7,7,7,1,3,2,2,11,3,6,0,2,8,10,2,8,2,7,2,1,1,6,2,4,2,2,3,8,2,4,0,4,6,7,0,4,6,10,3,2,3,2,2,2,0,2,0,4,0,1,5,2,0,5,3,5,2,2,9,4,2,6,12,7,0,2,2,6,7,9,6,9,11,0,6,3,2,13,2,0,5,4,4,6,4,2,6,3,7,6,2,8,8,4,3,8,0,2,0,2,4,0,6,2,2,9,12,0,5,5,5,7,0,10,2,2,4,3,0,10,2,0,4,0,7,2,952
scan1-175.png,1,7,7,11,6,7,19,17,11,15,7,9,5,13,6,9,15,10,5,1,2,25,9,5,10,4,4,8,2,43,4,6,0,2,1,4,5,2,4,4,2,2,3,3,7,5,1,3,4,4,6,2,4,9,4,2,4,8,6,2,2,1,2,0,7,2,4,2,6,0,4,6,0,2,4,0,2,0,13,0,0,2,7,7,7,1,2,1,2,11,4,6,0,2,4,10,2,8,4,7,4,1,2,6,2,4,2,2,3,8,2,4,0,6,6,7,0,4,6,10,3,2,3,2,2,4,6,2,2,6,2,2,5,4,0,5,5,5,4,4,9,4,2,4,12,9,0,2,2,6,7,9,6,9,11,0,6,3,2,13,2,0,5,4,6,6,4,1,6,3,5,6,0,8,6,6,3,8,2,2,0,2,5,0,6,2,4,9,12,0,5,5,5,7,0,10,0,2,4,3,0,10,2,0,4,0,7,2,1001
scan1-176.png,1,2,49,9,5,5,13,15,10,12,4,8,4,9,5,4,9,4,3,0,2,23,5,3,7,3,3,7,2,37,4,4,0,0,59,2,4,0,0,2,2,0,2,0,94,2,0,41,16,2,4,2,2,74,4,0,2,113,2,0,1,0,118,0,16,0,2,1,2,0,2,50,0,0,2,0,2,0,84,0,0,2,150,38,86,0,0,0,2,104,0,86,0,2,0,97,131,124,0,33,0,0,1,112,2,2,37,2,2,3,2,2,0,2,3,50,0,0,6,96,0,1,2,0,2,2,0,87,0,2,0,0,118,2,0,1,0,5,2,1,18,2,2,0,129,5,0,0,0,2,84,63,47,44,46,0,2,100,0,159,2,0,83,0,0,2,4,0,3,29,2,4,0,6,1,0,107,6,0,0,96,0,4,0,2,2,0,109,39,0,49,46,114,43,0,4,0,2,8,64,0,126,2,0,0,0,72,2,4117
scan1-177.png,1,8,7,11,6,7,19,17,11,14,6,9,5,12,6,8,17,7,5,1,2,24,7,4,10,4,4,7,2,43,4,5,2,0,1,4,5,2,4,2,2,2,3,2,7,2,1,3,4,3,8,2,4,9,4,2,4,8,4,2,2,0,2,0,5,0,4,2,5,2,4,6,2,0,4,0,2,0,13,0,2,2,7,7,7,1,2,0,2,11,3,6,0,2,4,10,2,8,2,7,4,1,1,6,2,4,2,2,2,9,2,4,0,5,6,7,0,4,8,10,2,2,3,2,2,2,0,2,2,4,0,2,5,4,0,6,3,5,2,5,9,4,2,4,12,7,0,2,2,4,7,9,6,9,11,0,6,3,2,13,2,0,5,4,8,6,4,2,6,3,7,6,2,8,6,4,3,10,2,3,0,2,4,0,7,4,2,9,12,0,5,5,5,7,0,10,2,2,4,3,0,10,2,0,4,0,7,2,969
scan1-178.png,1,2,7,13,6,6,14,17,10,15,5,9,5,10,6,6,10,4,3,1,2,24,8,5,7,4,4,8,2,40,4,5,1,2,1,2,4,0,4,2,2,0,2,4,6,6,0,3,2,4,4,2,2,9,4,0,2,8,6,0,3,2,2,0,3,4,4,1,2,0,2,5,2,2,3,2,2,0,12,0,0,2,7,7,7,0,0,1,2,11,1,6,0,4,2,10,2,7,4,7,3,0,2,6,2,4,2,2,4,5,2,2,0,2,3,6,0,2,6,10,2,1,3,0,2,5,6,2,2,4,4,2,4,4,0,3,4,5,2,3,9,2,2,0,12,5,4,2,2,2,7,9,6,9,11,2,2,3,0,13,2,4,5,0,2,5,4,3,3,3,3,7,0,8,1,2,3,6,4,5,0,0,5,0,6,2,6,8,11,2,5,5,5,7,2,6,0,2,3,3,0,9,2,2,0,2,7,2,870
scan1-179.png,1,2,7,13,6,7,15,16,11,15,5,9,6,11,6,7,13,7,6,1,2,25,10,5,9,6,6,8,2,41,4,5,2,2,1,2,4,2,4,2,2,2,3,4,6,6,0,3,2,4,6,2,4,9,4,0,4,8,6,2,3,2,2,2,3,4,4,1,2,2,4,5,2,2,3,2,2,2,12,0,2,2,7,7,7,0,2,3,2,11,4,6,0,4,2,10,2,7,4,7,4,0,2,6,2,4,2,2,4,9,2,4,1,2,7,6,0,4,8,10,2,1,4,2,2,6,6,2,2,4,4,2,5,4,0,2,5,5,2,2,9,2,2,0,12,8,2,3,0,6,7,9,6,9,11,2,4,3,2,13,2,2,5,4,2,6,4,2,3,3,5,7,2,10,3,2,3,8,4,5,0,1,5,2,6,4,8,8,11,0,5,5,5,7,0,8,2,2,3,3,0,9,2,0,4,0,7,2,972
scan1-180.png,1,2,49,9,5,5,13,15,10,12,4,8,4,9,5,4,9,4,3,0,2,23,5,3,7,3,3,7,2,37,4,4,0,0,59,2,4,0,0,2,2,0,2,0,94,2,0,41,16,2,4,2,2,74,4,0,2,113,2,0,1,0,118,0,16,0,2,1,2,0,2,50,0,0,2,0,2,0,84,0,0,2,150,38,86,0,0,0,2,104,0,86,0,2,0,97,131,124,0,33,0,0,1,112,2,2,37,2,2,3,2,2,0,2,3,50,0,0,6,96,0,1,2,0,2,2,0,87,0,2,0,0,118,2,0,1,0,5,2,1,18,2,2,0,129,5,0,0,0,2,84,63,47,44,46,0,2,100,0,159,2,0,83,0,0,2,4,0,3,29,2,4,0,6,1,0,107,6,0,0,96,0,4,0,2,2,0,109,39,0,49,46,114,43,0,4,0,2,8,64,0,126,2,0,0,0,72,2,4117
scan1-181.png,1,6,7,11,5,7,16,17,10,13,5,8,4,11,6,5,13,6,5,1,2,24,7,3,10,3,3,7,2,40,4,4,2,0,1,2,4,2,0,2,2,2,2,2,6,2,0,3,2,2,6,2,2,9,4,0,4,8,2,2,1,0,2,0,5,0,2,1,4,2,4,5,2,0,3,0,2,0,12,0,0,2,7,7,7,1,2,0,2,11,0,6,0,2,2,10,2,7,2,7,2,0,1,6,2,3,2,2,2,7,2,4,0,4,6,6,0,2,8,10,2,1,3,2,2,2,0,2,0,4,0,0,5,2,0,5,1,5,2,1,9,2,2,4,12,5,0,1,0,4,7,9,6,9,11,0,5,3,2,13,2,0,5,2,0,4,4,0,6,3,5,6,2,6,4,2,3,6,0,2,0,2,4,2,2,2,2,8,11,0,5,5,5,7,0,8,2,2,3,3,0,9,2,0,2,0,7,2,831
scan1-182.png,1,6,7,14,6,7,19,18,10,14,7,9,5,11,6,9,14,8,5,1,2,24,8,5,9,5,5,8,2,42,4,6,0,2,1,2,7,0,6,2,2,2,3,4,7,6,1,3,4,4,6,2,4,9,4,3,2,8,6,3,4,2,2,0,7,4,2,2,5,0,4,6,0,2,7,2,2,0,13,0,0,2,7,7,7,1,0,1,2,11,2,6,0,2,4,10,2,8,4,7,8,1,2,6,2,4,2,2,4,8,2,4,1,4,6,7,4,4,6,10,3,2,4,0,2,4,4,2,2,6,4,2,5,4,0,5,5,5,2,2,9,4,2,4,12,5,2,3,2,2,7,9,6,9,11,2,5,3,0,13,2,2,5,0,6,4,4,3,6,3,6,7,2,8,6,4,3,6,2,4,0,2,7,2,5,2,6,9,12,2,5,5,5,7,2,10,2,2,4,3,0,10,2,0,1,2,7,2,1005
scan1-183.png,1,2,7,9,5,5,15,15,11,12,4,8,5,9,5,5,11,4,4,1,2,23,5,3,8,4,4,7,2,37,4,4,2,0,1,2,4,2,0,2,2,0,2,0,6,2,0,3,2,2,6,2,2,9,4,0,4,8,2,0,1,0,2,0,3,0,4,1,2,2,4,5,2,0,2,0,2,0,12,0,0,2,7,7,7,0,0,1,2,11,0,6,0,2,0,10,2,7,0,7,0,0,1,6,2,2,2,2,2,6,2,2,0,2,3,6,0,2,8,10,0,1,3,0,2,2,0,2,0,4,0,0,4,2,0,1,0,5,2,1,9,2,2,0,12,5,0,1,0,4,7,9,6,9,11,0,2,3,2,13,2,0,5,0,0,4,4,0,4,3,5,4,2,6,1,0,3,6,0,1,0,2,4,2,2,2,0,8,11,0,5,5,5,7,0,4,2,2,3,3,0,9,2,0,0,0,7,2,743
scan1-184.png,1,7,7,14,6,7,18,18,11,16,7,9,6,12,6,9,16,9,5,1,2,24,10,5,10,5,5,8,2,44,4,6,2,3,1,2,5,2,6,2,2,2,3,4,7,6,1,3,4,4,6,2,4,9,4,2,4,8,6,2,3,0,2,2,7,4,4,2,5,0,4,6,2,2,4,1,2,0,13,2,2,2,7,7,7,1,4,2,2,11,3,6,2,2,4,10,2,8,4,7,6,1,2,6,2,4,2,2,5,6,2,4,2,4,7,7,0,2,6,10,4,2,4,2,2,5,4,2,2,6,4,2,5,4,0,7,7,5,2,5,9,4,2,4,12,7,2,4,4,8,7,9,6,9,11,2,6,3,2,13,2,4,5,3,8,6,4,4,6,3,6,8,0,10,6,4,3,10,4,4,0,2,5,0,12,4,8,9,12,2,5,5,5,7,2,10,0,2,4,3,0,10,2,2,3,2,7,2,1076
scan1-185.png,1,7,7,11,5,5,18,16,10,14,6,8,4,10,6,8,14,8,5,1,2,23,7,4,9,6,6,8,2,41,4,5,0,0,1,4,5,0,2,2,2,0,4,0,7,2,1,3,4,4,8,2,4,9,4,2,2,8,6,2,3,0,2,2,7,0,2,2,5,0,4,6,0,1,3,0,2,0,13,0,2,2,7,7,7,2,0,3,2,11,3,6,0,2,2,10,2,8,0,7,2,1,1,6,2,2,2,2,5,5,2,4,2,4,10,7,0,2,6,10,4,2,3,0,2,2,0,2,2,4,2,0,4,2,2,8,5,5,2,3,9,4,2,4,12,7,0,1,4,2,7,9,6,9,11,0,6,3,0,13,2,2,5,2,6,4,4,2,6,3,6,5,0,6,6,2,3,8,0,2,0,2,4,0,6,6,4,9,12,2,5,5,5,7,2,8,0,2,4,3,0,10,2,2,2,0,7,2,926
scan1-186.png,1,2,7,13,6,7,14,17,10,15,5,9,6,11,7,6,11,8,4,0,2,24,9,5,9,5,5,8,2,41,4,5,0,2,1,2,4,2,4,2,2,2,2,4,6,6,0,3,2,4,6,2,4,9,4,0,4,8,6,0,3,2,2,2,3,4,4,1,2,0,4,5,2,2,4,2,2,0,12,0,2,2,7,7,7,0,2,2,2,11,3,6,0,2,2,10,2,7,4,7,4,0,2,6,2,4,2,2,4,6,2,4,2,2,7,6,0,2,6,10,2,1,3,2,2,5,4,2,2,4,4,2,5,4,0,3,6,5,2,2,9,2,2,2,12,8,2,2,2,4,7,9,6,9,11,2,4,3,2,13,2,4,5,4,2,6,4,4,3,3,3,7,0,10,3,2,3,8,2,5,0,2,5,0,6,4,8,8,11,2,5,5,5,7,2,8,0,2,3,3,0,9,2,0,4,0,7,2,943
scan1-187.png,1,6,49,10,5,5,18,16,11,13,6,8,4,10,6,8,14,6,5,1,2,23,6,3,10,4,4,7,2,41,4,5,0,0,59,2,5,1,2,2,2,0,3,0,95,2,1,41,16,2,6,2,4,74,4,0,2,113,2,2,1,0,118,0,18,0,2,2,5,0,4,51,0,0,3,0,2,0,85,0,0,2,150,38,86,1,0,0,2,104,2,86,0,2,2,97,131,125,0,33,2,0,1,112,2,2,37,2,2,4,2,4,0,4,6,51,0,2,6,96,2,2,3,2,2,2,0,87,0,4,0,0,119,2,0,5,0,5,2,1,18,4,2,4,129,7,0,1,2,4,84,63,47,44,46,0,6,100,2,159,2,0,83,2,4,2,4,0,6,29,6,6,0,6,6,2,107,8,0,0,96,0,4,0,2,2,0,110,40,0,49,46,114,43,0,8,0,2,9,64,0,127,2,0,2,0,72,2,4268
scan1-188.png,1,6,49,10,5,5,18,16,11,13,6,8,4,10,6,8,14,6,5,1,2,23,6,3,10,4,4,7,2,41,4,5,0,0,59,2,5,1,2,2,2,0,3,0,95,2,1,43,17,2,6,2,4,76,4,0,2,114,2,2,1,0,118,0,18,0,2,2,5,0,4,51,0,0,3,0,2,0,85,0,0,2,150,39,86,1,0,0,2,104,2,86,0,2,2,98,131,126,0,33,2,0,1,112,2,2,37,2,2,4,2,4,0,4,6,51,0,2,6,97,2,2,3,2,2,2,0,87,0,4,0,0,119,2,0,5,0,5,2,1,18,4,2,4,129,7,0,1,2,4,84,63,47,44,47,0,6,100,2,159,2,0,83,2,4,2,4,0,6,29,6,6,0,6,6,2,107,8,0,0,96,0,4,0,2,2,0,110,43,0,50,47,114,44,0,8,0,2,10,65,0,127,2,0,2,0,72,2,4287
scan1-189.png,1,2,7,11,6,5,13,16,10,13,5,9,7,9,7,6,9,4,4,0,2,23,7,4,7,5,5,8,2,39,4,5,0,2,1,2,4,0,4,2,2,0,2,2,6,4,0,3,2,2,4,2,2,9,5,0,2,8,4,2,3,2,2,2,3,4,2,1,2,0,2,5,0,3,3,0,2,2,12,0,2,2,7,7,7,0,2,2,2,11,2,6,2,4,0,10,2,7,0,7,2,0,2,6,2,2,2,2,4,3,2,2,2,4,5,6,0,1,6,10,1,3,3,0,2,7,6,2,0,4,4,0,4,2,0,3,4,5,2,4,9,2,2,0,12,6,4,2,2,4,7,9,6,9,11,2,2,3,0,13,2,4,5,0,2,2,4,4,3,3,2,6,0,8,1,0,3,6,4,0,0,0,5,0,5,4,4,8,11,2,5,5,5,7,2,4,0,2,3,3,0,9,2,4,0,2,7,2,846
scan1-190.png,1,2,49,9,5,5,13,15,10,12,4,8,4,9,5,4,9,4,3,0,2,23,5,3,7,3,3,7,2,37,4,4,0,0,59,2,4,0,0,2,2,0,2,0,94,2,0,44,21,2,4,2,2,76,4,0,2,113,2,0,1,0,118,0,16,0,2,1,2,0,2,50,0,0,2,0,2,0,84,0,0,2,150,42,86,0,0,0,2,105,0,86,0,2,0,97,131,124,0,34,0,0,1,112,2,2,38,2,2,3,2,2,0,2,3,51,0,0,6,97,0,1,2,0,2,2,0,87,0,2,0,0,118,2,0,1,0,5,2,1,19,2,2,0,129,5,0,0,0,2,85,64,48,44,47,0,2,100,0,159,2,0,83,0,0,2,4,0,3,30,2,4,0,6,1,0,107,6,0,0,96,0,4,0,2,2,0,109,41,0,50,47,114,45,0,4,0,2,12,64,0,127,2,0,0,0,73,2,4154
scan1-191.png,1,2,49,9,5,5,13,15,10,12,4,8,4,9,5,4,9,4,3,0,2,23,5,3,7,3,3,7,2,37,4,4,0,0,59,2,4,0,0,2,2,0,2,0,94,2,0,43,17,2,4,2,2,76,4,0,2,113,2,0,1,0,118,0,16,0,2,1,2,0,2,50,0,0,2,0,2,0,84,0,0,2,150,39,86,0,0,0,2,104,0,86,0,2,0,97,131,124,0,33,0,0,1,112,2,2,37,2,2,3,2,2,0,2,3,50,0,0,6,97,0,1,2,0,2,2,0,87,0,2,0,0,118,2,0,1,0,5,2,1,18,2,2,0,129,5,0,0,0,2,84,63,47,44,47,0,2,100,0,159,2,0,83,0,0,2,4,0,3,29,2,4,0,6,1,0,107,6,0,0,96,0,4,0,2,2,0,109,40,0,50,47,114,44,0,4,0,2,9,64,0,126,2,0,0,0,72,2,4130
scan1-192.png,1,2,49,9,5,5,13,15,10,12,4,8,4,9,5,4,9,4,3,0,2,23,5,3,7,3,3,7,2,37,4,4,0,0,59,2,4,0,0,2,2,0,2,0,94,2,0,41,16,2,4,2,2,74,4,0,2,113,2,0,1,0,118,0,16,0,2,1,2,0,2,50,0,0,2,0,2,0,84,0,0,2,150,38,86,0,0,0,2,104,0,86,0,2,0,97,131,124,0,33,0,0,1,112,2,2,37,2,2,3,2,2,0,2,3,50,0,0,6,96,0,1,2,0,2,2,0,87,0,2,0,0,118,2,0,1,0,5,2,1,18,2,2,0,129,5,0,0,0,2,84,63,47,44,46,0,2,100,0,159,2,0,83,0,0,2,4,0,3,29,2,4,0,6,1,0,107,6,0,0,96,0,4,0,2,2,0,109,39,0,49,46,114,43,0,4,0,2,8,64,0,126,2,0,0,0,72,2,4117
scan1-193.png,1,2,49,9,5,5,13,15,10,12,4,8,4,9,5,4,9,4,3,0,2,23,5,3,7,3,3,7,2,37,4,4,0,0,59,2,4,0,0,2,2,0,2,0,94,2,0,42,18,2,4,2,2,76,4,0,2,113,2,0,1,0,118,0,16,0,2,1,2,0,2,50,0,0,2,0,2,0,84,0,0,2,150,40,86,0,0,0,2,104,0,86,0,2,0,97,131,124,0,33,0,0,1,112,2,2,37,2,2,3,2,2,0,2,3,50,0,0,6,97,0,1,2,0,2,2,0,87,0,2,0,0,118,2,0,1,0,5,2,1,18,2,2,0,129,5,0,0,0,2,85,63,47,44,47,0,2,100,0,159,2,0,83,0,0,2,4,0,3,29,2,4,0,6,1,0,107,6,0,0,96,0,4,0,2,2,0,109,40,0,50,47,114,45,0,4,0,2,9,65,0,126,2,0,0,0,72,2,4134
scan1-194.png,1,2,7,11,5,5,13,16,10,13,5,9,6,9,7,6,9,4,4,0,2,23,7,4,7,5,5,7,2,38,4,5,0,2,1,2,4,0,4,2,2,0,2,2,6,4,0,3,2,2,4,2,2,9,5,0,2,8,4,2,3,2,2,2,3,3,2,1,2,0,2,5,0,3,3,0,2,2,12,0,1,2,7,7,7,0,2,2,2,11,2,6,2,4,0,10,2,7,0,7,1,0,2,6,2,2,2,2,4,3,2,2,2,4,5,6,0,0,6,10,0,3,3,0,2,7,6,2,0,4,4,0,4,2,0,3,4,5,2,4,9,2,2,0,12,7,4,2,2,4,7,9,6,9,11,2,2,3,0,13,2,4,5,0,2,2,4,4,3,3,2,6,0,8,1,0,3,6,4,0,0,0,5,0,5,4,4,8,11,2,5,5,5,7,2,4,0,2,3,3,0,9,2,4,0,2,7,2,838
scan1-195.png,1,6,7,11,6,7,19,17,11,15,6,9,5,12,6,8,15,8,6,1,2,24,8,5,10,4,4,8,2,43,4,5,0,2,1,2,5,2,4,2,2,2,4,2,7,4,1,3,4,4,8,2,4,9,4,0,4,8,4,2,2,0,2,2,7,0,4,2,5,0,4,6,0,1,4,0,2,0,13,0,2,2,7,7,7,1,2,1,2,11,2,6,0,2,4,10,2,8,4,7,4,1,1,6,2,4,2,2,3,9,2,4,0,4,6,7,0,4,7,10,2,2,3,2,2,2,0,2,2,6,0,2,5,4,0,5,4,5,2,3,9,4,2,4,12,7,0,2,2,4,7,9,6,9,11,0,6,3,2,13,2,0,5,4,4,6,4,2,6,3,7,6,2,8,6,4,3,8,1,4,0,2,5,2,6,2,6,9,12,0,5,5,5,7,0,10,2,2,4,3,0,10,2,0,4,0,7,2,971
scan1-196.png,1,4,7,9,5,5,16,15,11,12,4,8,4,9,5,6,11,5,3,2,2,23,5,3,8,4,4,7,2,38,4,4,2,0,1,2,4,2,0,2,2,2,3,0,6,2,0,3,2,2,6,2,4,9,4,0,4,8,2,0,1,0,2,0,3,0,2,2,2,2,4,5,2,0,2,0,2,0,12,0,0,2,7,7,7,0,2,0,2,11,0,6,0,2,0,10,2,7,0,7,0,0,1,6,2,2,2,2,2,6,2,2,0,2,5,6,0,2,8,10,0,1,3,2,2,2,0,2,0,4,0,0,5,2,0,1,0,5,2,1,9,2,2,2,12,7,0,1,0,4,7,9,6,9,11,0,2,3,2,13,2,0,5,4,0,4,4,0,6,3,5,5,2,6,3,0,3,8,0,1,0,2,4,2,2,2,0,8,11,0,5,5,5,7,0,8,2,2,3,3,0,9,2,0,4,0,7,2,781
scan1-197.png,1,2,7,9,5,6,14,15,10,12,4,8,4,10,5,4,9,4,3,0,2,24,7,4,7,3,3,8,2,38,4,4,2,0,1,2,4,2,0,2,2,0,2,1,6,2,0,3,2,4,6,2,2,9,4,0,2,8,3,0,1,0,2,2,3,0,2,1,2,2,2,5,2,0,2,0,2,0,12,0,2,2,7,7,7,0,0,0,2,11,1,6,0,2,0,10,2,7,2,7,0,0,1,6,2,4,2,2,2,6,2,2,0,2,3,6,0,0,8,10,2,1,2,2,2,2,0,2,2,2,0,0,4,2,0,1,2,5,2,2,9,2,2,0,12,5,0,1,0,2,7,9,6,9,11,0,2,3,0,13,2,0,5,0,0,4,4,2,3,3,3,5,0,6,1,0,3,6,0,1,0,2,4,0,4,2,4,8,11,0,5,5,5,7,0,6,0,2,3,3,0,9,2,0,0,0,7,2,748
scan1-198.png,1,6,49,11,5,6,18,17,11,14,6,8,4,12,6,8,15,8,6,1,2,24,7,3,10,4,4,7,2,42,4,5,0,0,59,2,5,0,2,2,2,0,4,0,95,2,1,43,20,2,8,2,4,76,4,0,4,113,2,2,2,0,118,0,20,0,2,2,5,0,4,51,0,0,3,0,2,0,85,0,0,2,150,38,86,1,0,1,2,104,2,86,0,2,2,97,131,125,0,33,2,1,1,112,2,3,37,2,3,6,2,4,0,4,6,51,0,2,6,98,2,2,3,0,2,2,0,87,0,4,0,0,119,2,0,5,1,5,2,2,18,4,2,4,129,7,0,1,2,4,84,63,47,44,47,0,6,100,2,159,2,0,83,4,4,4,4,0,6,29,6,6,2,6,6,2,107,8,0,0,96,2,4,2,4,2,0,110,41,0,50,47,114,44,0,10,2,2,14,65,0,127,2,0,4,0,72,2,4333
scan1-199.png,1,2,49,9,5,5,13,15,10,12,4,8,4,9,5,4,9,4,3,0,2,23,5,3,7,3,3,7,2,37,4,4,0,0,59,2,4,0,0,2,2,0,3,0,94,2,0,43,17,2,4,2,2,74,4,0,2,114,2,0,1,0,118,0,16,0,2,1,3,0,2,50,0,0,2,0,2,0,84,0,0,2,150,39,86,0,0,0,2,105,0,87,0,2,0,99,131,125,0,34,0,0,1,112,2,2,37,2,2,3,2,2,0,2,3,50,0,0,6,97,0,1,2,0,2,2,0,87,0,2,0,0,118,2,0,1,0,5,2,1,19,2,2,0,129,5,0,0,0,2,85,63,47,44,46,0,2,100,0,159,2,0,83,0,0,2,4,0,3,29,2,4,0,6,1,0,107,6,0,0,96,0,4,0,2,2,0,109,40,0,49,46,114,44,0,4,0,2,8,65,0,127,2,0,0,0,72,2,4137
scan1-200.png,1,2,7,9,5,5,13,15,10,12,4,8,4,9,6,4,9,4,3,0,2,23,5,3,7,3,3,7,2,37,4,4,0,0,1,2,4,0,0,2,2,0,2,0,6,2,0,3,2,2,4,2,2,9,6,0,2,8,2,0,1,0,2,0,3,0,2,1,2,0,2,5,0,0,2,0,2,0,12,0,0,2,7,7,7,0,0,0,2,11,0,6,0,2,0,10,2,7,0,7,0,0,1,6,2,2,2,2,2,3,2,2,0,4,3,6,0,0,6,10,0,1,2,0,2,2,0,2,0,2,0,0,4,2,0,1,0,5,2,1,9,2,2,0,12,5,0,0,0,2,7,9,6,9,11,0,2,3,0,13,2,0,5,0,0,2,4,0,3,3,2,4,0,6,1,0,3,6,0,0,0,0,4,0,2,2,0,8,11,0,5,5,5,7,0,4,0,2,3,3,2,9,2,0,0,0,7,2,691
scan1-201.png,1,6,49,11,7,7,19,17,11,16,7,9,5,12,7,10,14,6,6,1,2,25,9,5,10,4,4,8,2,43,4,5,0,2,59,2,5,2,4,2,2,2,4,2,95,6,1,43,18,4,8,2,4,75,4,0,4,113,6,2,1,0,118,2,18,2,4,2,5,0,4,51,0,2,4,0,2,0,85,0,2,2,150,39,86,1,2,1,2,105,4,86,0,4,4,97,131,125,4,33,6,0,2,112,2,4,38,2,2,8,2,4,0,4,6,52,0,4,6,97,2,2,3,2,2,4,4,87,2,6,2,2,119,4,0,6,4,5,2,2,19,4,2,4,129,7,0,2,2,6,84,63,47,44,47,2,6,100,2,159,2,0,83,4,6,6,4,2,6,29,7,6,2,8,6,4,107,8,2,2,96,2,5,2,6,2,6,110,40,0,50,46,114,43,0,10,2,2,10,65,0,129,2,0,4,2,72,2,4446
scan1-202.png,1,6,7,11,5,7,17,17,11,14,4,8,4,12,6,6,13,6,4,1,2,24,6,3,9,4,4,7,2,39,4,4,0,0,1,2,4,2,2,2,2,2,3,2,7,2,0,3,2,2,8,2,4,9,4,0,4,8,2,0,1,0,2,0,3,0,2,1,3,0,4,6,0,0,3,0,2,0,13,0,0,2,7,7,7,1,2,0,2,11,2,6,0,2,4,10,2,8,2,7,0,0,1,6,2,3,2,2,2,6,2,4,2,4,6,7,0,2,6,10,2,1,3,2,2,2,0,2,0,4,0,0,5,2,0,3,0,5,2,1,9,2,2,2,12,7,0,0,0,6,7,9,6,9,11,0,4,3,2,13,2,0,5,4,0,6,4,0,6,3,4,6,0,6,4,4,3,8,0,0,0,2,4,0,2,2,2,9,12,0,5,5,5,7,0,8,0,2,3,3,0,10,6,0,4,0,7,2,840
scan1-203.png,1,2,7,11,5,5,13,16,10,13,4,8,6,9,6,5,9,5,3,0,2,23,5,3,7,5,5,7,2,38,4,4,0,0,1,2,4,0,1,2,2,0,2,0,6,2,0,3,2,2,4,2,2,9,6,0,2,8,3,0,2,0,2,0,3,0,2,1,2,0,2,5,0,0,2,0,2,0,12,0,0,2,7,7,7,0,1,2,2,11,1,6,2,2,0,10,2,7,0,7,0,0,1,6,2,2,2,2,4,3,2,2,1,4,5,6,0,0,6,10,0,3,2,0,2,3,4,2,0,2,2,0,4,2,0,2,2,5,2,3,9,2,2,0,12,7,4,1,2,4,7,9,6,9,11,2,2,3,0,13,2,4,5,0,0,2,4,2,3,3,2,6,0,8,1,0,3,6,1,0,0,0,4,0,3,6,0,8,11,2,5,5,5,7,2,4,0,2,3,3,0,9,2,6,0,2,7,2,771
scan1-204.png,1,4,7,10,7,7,17,17,11,14,4,9,5,11,6,6,12,6,5,0,2,25,7,4,9,4,4,7,2,39,4,4,0,0,1,2,4,2,0,2,2,2,3,2,7,2,0,3,2,2,6,2,4,9,4,0,4,8,2,0,1,0,2,0,3,0,4,1,2,0,4,6,0,0,3,0,2,0,13,0,0,2,7,7,7,0,2,0,2,11,2,6,0,2,4,10,2,8,2,7,2,0,1,6,2,4,2,2,2,8,2,4,0,2,5,7,0,4,6,10,1,1,3,2,2,4,4,2,2,4,2,1,5,2,0,1,4,5,2,1,9,2,2,2,12,7,0,1,0,6,7,9,6,9,11,0,4,3,2,13,2,0,5,4,2,6,4,1,6,3,5,6,2,8,3,2,3,8,0,2,0,2,4,0,4,2,2,9,12,0,5,5,5,7,0,8,2,2,3,3,0,10,2,0,4,0,7,2,860
scan1-205.png,1,2,7,11,5,5,14,15,10,12,5,9,6,9,7,5,10,4,4,1,2,23,5,3,7,3,3,7,2,38,4,4,0,2,1,2,4,0,1,2,2,0,2,2,6,4,0,3,2,2,4,2,2,9,5,0,2,8,4,2,1,2,2,0,3,0,2,1,2,0,2,5,0,0,2,0,2,2,12,0,0,2,7,7,7,0,0,1,2,11,2,6,0,4,0,10,2,7,0,7,1,0,2,6,2,2,2,2,4,3,2,2,0,4,3,6,0,0,6,10,0,3,2,0,2,5,4,2,0,4,3,0,4,2,0,1,2,5,2,1,9,2,2,0,12,5,4,0,0,4,7,9,6,9,11,2,2,3,0,13,2,2,5,0,2,2,4,3,3,3,2,4,0,6,1,0,3,6,2,0,0,0,5,0,3,2,0,8,11,2,5,5,5,7,2,4,0,2,3,3,0,9,2,2,0,4,7,2,770
scan1-206.png,1,2,49,9,5,5,13,15,10,12,4,8,4,9,5,4,9,4,3,0,2,23,5,3,7,3,3,7,2,37,4,4,0,0,59,2,4,0,0,2,2,0,2,0,94,2,0,42,17,2,4,2,2,75,4,0,2,113,2,0,1,0,118,0,16,0,2,1,2,0,2,50,0,0,2,0,2,0,84,0,0,2,150,38,86,0,0,0,2,104,0,86,0,2,0,97,131,124,0,33,0,0,1,112,2,2,37,2,2,3,2,2,0,2,3,50,0,0,6,97,0,1,2,0,2,2,0,87,0,2,0,0,118,2,0,1,0,5,2,1,18,2,2,0,129,5,0,0,0,2,84,63,47,44,47,0,2,100,0,159,2,0,83,0,0,2,4,0,3,29,2,4,0,6,1,0,107,6,0,0,96,0,4,0,2,2,0,109,39,0,50,46,114,43,0,4,0,2,8,64,0,126,2,0,0,0,74,2,4125
scan1-207.png,1,6,7,10,5,6,18,16,11,13,6,8,4,11,6,8,16,7,6,1,2,24,7,3,10,4,4,7,2,41,4,5,2,0,1,2,5,2,2,2,2,2,4,0,7,2,1,3,2,2,6,2,4,9,4,0,3,8,2,2,1,0,2,0,5,0,2,2,5,2,4,6,2,0,3,0,2,0,13,0,0,2,7,7,7,1,1,0,2,11,2,6,0,2,2,10,2,8,0,7,2,0,1,6,2,2,2,2,2,7,2,4,0,4,6,7,0,2,8,10,2,2,3,2,2,2,0,2,0,4,0,0,5,2,0,5,1,5,2,2,9,4,2,4,12,7,0,2,2,4,7,9,6,9,11,0,6,3,2,13,2,0,5,2,4,2,4,0,6,3,7,6,2,6,6,2,3,8,0,1,0,2,4,2,3,2,0,9,12,0,5,5,5,7,0,8,2,2,4,3,0,10,2,0,3,0,7,2,875
